type,date,description, income , expense , balance 
income,2025.01.01,월급," 6,000,000 ",," 6,000,000 "
expense,2025.01.02,(주)비브로스,," 1,100 "," 5,998,900 "
expense,2025.01.02,중앙약국,," 4,000 "," 5,994,900 "
expense,2025.01.02,백나예김밥,," 4,000 "," 5,990,900 "
expense,2025.01.02,지에스(GS)25 ,," 6,500 "," 5,984,400 "
expense,2025.01.03,백나예김밥,," 9,000 "," 5,975,400 "
expense,2025.01.03,지에스(GS)25 ,," 1,800 "," 5,973,600 "
expense,2025.01.03,윤선  B.  A.  T  (비에이,," 154,000 "," 5,819,600 "
expense,2025.01.03,티머니 개인택시_0,," 6,100 "," 5,813,500 "
expense,2025.01.03,이동의즐거움_택시_8,," 6,500 "," 5,807,000 "
expense,2025.01.03,세광자동차정비공업사,," 250,000 "," 5,557,000 "
expense,2025.01.03,컬리페이_컬리,," 109,670 "," 5,447,330 "
expense,2025.01.03,쿠팡,," 15,700 "," 5,431,630 "
expense,2025.01.04,메디365플러스의원,," 43,600 "," 5,388,030 "
expense,2025.01.04,메디팜약국,," 8,300 "," 5,379,730 "
expense,2025.01.04,아이파킹 주식회사,," 5,000 "," 5,374,730 "
expense,2025.01.05,쿠팡,," 14,500 "," 5,360,230 "
expense,2025.01.06,백나예김밥,," 5,000 "," 5,355,230 "
expense,2025.01.06,지에스(GS)25 ,, 950 ," 5,354,280 "
expense,2025.01.06,구글페이먼트코리아 유한회사,," 14,900 "," 5,339,380 "
expense,2025.01.06,컬리페이_컬리,," 88,155 "," 5,251,225 "
expense,2025.01.07,조은이웃연세아주소아청소년과,," 288,100 "," 4,963,125 "
expense,2025.01.07,조은이화약국,," 3,800 "," 4,959,325 "
expense,2025.01.07,쿠팡,," 16,700 "," 4,942,625 "
expense,2025.01.07,컬리페이_컬리,," 57,395 "," 4,885,230 "
expense,2025.01.07,지에스더프레시 ,," 19,650 "," 4,865,580 "
expense,2025.01.08,쿠팡,," 15,900 "," 4,849,680 "
expense,2025.01.08,쿠팡,," 42,000 "," 4,807,680 "
expense,2025.01.08,지에스(GS)25 ,, 500 ," 4,807,180 "
expense,2025.01.09,주식회사 아성다이소,," 6,000 "," 4,801,180 "
expense,2025.01.09,고기백화점,," 9,600 "," 4,791,580 "
expense,2025.01.09,고봉민김밥,," 96,000 "," 4,695,580 "
expense,2025.01.09,지에스더프레시 ,," 28,760 "," 4,666,820 "
expense,2025.01.09,(주)뉴코아,," 58,000 "," 4,608,820 "
expense,2025.01.09,(주)뉴코아,," 22,800 "," 4,586,020 "
expense,2025.01.09,(주)뉴코아엘르,," 10,000 "," 4,576,020 "
expense,2025.01.09,(주)뉴코아엘레강스,," 69,000 "," 4,507,020 "
expense,2025.01.09,(주)뉴코아공산식품,," 7,780 "," 4,499,240 "
expense,2025.01.10,쿠팡,," 25,970 "," 4,473,270 "
expense,2025.01.10,주식회사 아성다이소,," 8,500 "," 4,464,770 "
expense,2025.01.10,고기백화점,," 16,500 "," 4,448,270 "
expense,2025.01.10,지에스더프레시 ,," 47,820 "," 4,400,450 "
expense,2025.01.11,삼성화재해상보험(주)-앱카드용,," 16,760 "," 4,383,690 "
expense,2025.01.11,쿠팡,," 25,500 "," 4,358,190 "
expense,2025.01.11,쿠팡,," 48,600 "," 4,309,590 "
expense,2025.01.12,고기백화점,," 30,500 "," 4,279,090 "
expense,2025.01.12,컬리페이_컬리,," 84,180 "," 4,194,910 "
expense,2025.01.13,통신료 12월,," 17,670 "," 4,177,240 "
expense,2025.01.13,통신료 12월,," 63,000 "," 4,114,240 "
expense,2025.01.13,(주) 아트박스,," 76,900 "," 4,037,340 "
expense,2025.01.14,지에스더프레시 ,," 35,120 "," 4,002,220 "
expense,2025.01.15,네트웍스(주)워커힐인천공항,," 21,447 "," 3,980,773 "
expense,2025.01.15,네트웍스(주)워커힐인천공항,," 34,000 "," 3,946,773 "
expense,2025.01.15,던킨도너츠 인천공항1호,," 2,500 "," 3,944,273 "
expense,2025.01.18,인천국제공항공사,," 36,000 "," 3,908,273 "
expense,2025.01.18,지에스(GS)25 ,," 8,800 "," 3,899,473 "
expense,2025.01.19,지에스(GS)25 ,," 4,400 "," 3,895,073 "
expense,2025.01.20,지에스더프레시 ,," 61,670 "," 3,833,403 "
expense,2025.01.21,바로알림서비스 01월이용료,, 300 ," 3,833,103 "
expense,2025.01.21,아파트관리비_12월,," 237,240 "," 3,595,863 "
expense,2025.01.21,다이소,," 5,000 "," 3,590,863 "
expense,2025.01.21,동양주차장,," 2,000 "," 3,588,863 "
expense,2025.01.21,지에스더프레시 ,," 46,380 "," 3,542,483 "
expense,2025.01.21,쿠팡,," 13,000 "," 3,529,483 "
expense,2025.01.22,동우공영(주),," 3,500 "," 3,525,983 "
expense,2025.01.22,주식회사 놀유니버스,," 456,637 "," 3,069,346 "
expense,2025.01.22,백억커피,," 4,900 "," 3,064,446 "
expense,2025.01.22,지에스더프레시 ,," 32,340 "," 3,032,106 "
expense,2025.01.23,주식회사 아성다이소,," 4,000 "," 3,028,106 "
expense,2025.01.23,고기백화점,," 25,200 "," 3,002,906 "
expense,2025.01.23,푸른약국,," 3,000 "," 2,999,906 "
expense,2025.01.23,컬리페이_컬리,," 130,000 "," 2,869,906 "
expense,2025.01.23,쿠팡,," 37,000 "," 2,832,906 "
expense,2025.01.23,네이버페이 네이버,," 50,000 "," 2,782,906 "
expense,2025.01.24,주식회사 스타필드하남,," 56,000 "," 2,726,906 "
expense,2025.01.24,주식회사 스타필드하남,," 4,500 "," 2,722,406 "
expense,2025.01.24,주식회사 스타필드하남,," 8,400 "," 2,714,006 "
expense,2025.01.24,이마트24 스타필드하남2호점,," 1,200 "," 2,712,806 "
expense,2025.01.25,네이버페이 네이버클라우드 주식,," 55,000 "," 2,657,806 "
expense,2025.01.25,(주)뉴코아,," 123,000 "," 2,534,806 "
expense,2025.01.25,(주)뉴코아,," 25,900 "," 2,508,906 "
expense,2025.01.25,(주)뉴코아모던  특,," 34,500 "," 2,474,406 "
expense,2025.01.25,지에스(GS)25,," 5,900 "," 2,468,506 "
expense,2025.01.25,온담마켓,," 8,500 "," 2,460,006 "
expense,2025.01.25,지에스더프레시 ,," 80,290 "," 2,379,716 "
expense,2025.01.26,메가스터디교육(주),," 113,900 "," 2,265,816 "
expense,2025.01.28,게이트뱅크 주식회사,," 2,000 "," 2,263,816 "
expense,2025.01.28,세인트존스호텔,," 62,000 "," 2,201,816 "
expense,2025.01.28,세븐일레븐강릉세인트존스점,," 15,800 "," 2,186,016 "
expense,2025.01.29,쿠팡(와우 멤버십),," 7,890 "," 2,178,126 "
expense,2025.01.29,346커피스토리,," 24,800 "," 2,153,326 "
expense,2025.01.29,네이버페이 네이버,," 44,000 "," 2,109,326 "
expense,2025.01.29,아쿠아리움 경포,," 19,000 "," 2,090,326 "
expense,2025.01.29,네이버페이 네이버,," 31,000 "," 2,059,326 "
expense,2025.01.29,영진항,," 104,000 "," 1,955,326 "
expense,2025.01.29,세븐일레븐강릉세인트존스점,," 10,900 "," 1,944,426 "
expense,2025.01.29,아이쭈,," 3,900 "," 1,940,526 "
expense,2025.01.30,강릉전복해물뚝배기,," 60,000 "," 1,880,526 "
expense,2025.01.30,지에스(GS)25 ,," 8,000 "," 1,872,526 "
expense,2025.01.30,쿠팡,," 59,070 "," 1,813,456 "
expense,2025.01.31,컬리페이_컬리,," 130,000 "," 1,683,456 "
expense,2025.01.31,코리아세븐 ,," 7,800 "," 1,675,656 "
income,2025.02.01,월급," 4,000,000 ",," 5,675,656 "
expense,2025.02.01,이동의즐거움_택시_0,," 37,400 "," 5,638,256 "
expense,2025.02.01,롯데마트(매장),," 6,730 "," 5,631,526 "
expense,2025.02.01,호반프라퍼티(주) 아브뉴프랑,," 1,400 "," 5,630,126 "
expense,2025.02.01,교보문고,," 64,900 "," 5,565,226 "
expense,2025.02.01,(주)교보문고,," 16,500 "," 5,548,726 "
expense,2025.02.01,쿠팡,," 9,760 "," 5,538,966 "
expense,2025.02.01,쿠팡,," 18,830 "," 5,520,136 "
expense,2025.02.02,(주)비브로스,," 1,100 "," 5,519,036 "
expense,2025.02.03,(주)뉴코아모던  특,," 101,300 "," 5,417,736 "
expense,2025.02.03,(주)뉴코아청과,," 53,020 "," 5,364,716 "
expense,2025.02.04,쿠팡,," 6,000 "," 5,358,716 "
expense,2025.02.04,컬리페이_컬리,," 131,549 "," 5,227,167 "
expense,2025.02.05,쿠팡,," 270,810 "," 4,956,357 "
expense,2025.02.05,예소스스피치,," 400,000 "," 4,556,357 "
expense,2025.02.05,태남프라자관리단,," 1,000 "," 4,555,357 "
expense,2025.02.05,(주)우아한형제들,," 29,700 "," 4,525,657 "
expense,2025.02.06,쿠팡,," 16,800 "," 4,508,857 "
expense,2025.02.06,지에스(GS)25 ,," 4,400 "," 4,504,457 "
expense,2025.02.06,구글페이먼트코리아 유한회사,," 14,900 "," 4,489,557 "
expense,2025.02.07,네이버페이 네이버,," 30,400 "," 4,459,157 "
expense,2025.02.07,라이프스포츠 주식회사,," 5,000 "," 4,454,157 "
expense,2025.02.07,"라이프HM 수영용품, 수영강습",," 1,000 "," 4,453,157 "
expense,2025.02.07,컬리페이_컬리,," 137,000 "," 4,316,157 "
expense,2025.02.09,쿠팡,," 28,490 "," 4,287,667 "
expense,2025.02.10,롯데쇼핑(주)롯데마트 ,," 15,900 "," 4,271,767 "
expense,2025.02.10,롯데쇼핑(주)롯데마트 ,," 65,220 "," 4,206,547 "
expense,2025.02.10,지에스더프레시 ,," 10,330 "," 4,196,217 "
expense,2025.02.10,쿠팡,," 13,500 "," 4,182,717 "
expense,2025.02.11,통신료 01월,," 15,930 "," 4,166,787 "
expense,2025.02.11,통신료 01월,," 63,330 "," 4,103,457 "
expense,2025.02.11,네이버페이 네이버,," 30,400 "," 4,073,057 "
expense,2025.02.12,(주)올리브홀딩스,," 3,300 "," 4,069,757 "
expense,2025.02.12,하이파킹(주),," 4,500 "," 4,065,257 "
expense,2025.02.12,에이치디현대오일뱅크(주)직영지알씨주유소,," 50,000 "," 4,015,257 "
expense,2025.02.12,컬리페이_컬리,," 141,723 "," 3,873,534 "
expense,2025.02.13,(주)우아한형제들,," 22,000 "," 3,851,534 "
expense,2025.02.13,쿠팡,," 39,600 "," 3,811,934 "
expense,2025.02.14,네이버페이 네이버,," 30,400 "," 3,781,534 "
expense,2025.02.14,라이프스포츠 주식회사,," 5,000 "," 3,776,534 "
expense,2025.02.14,일렉트로마트스타필드점,," 15,900 "," 3,760,634 "
expense,2025.02.14,주식회사 스타필드,," 5,000 "," 3,755,634 "
expense,2025.02.15,(주)우아한형제들,," 19,500 "," 3,736,134 "
expense,2025.02.15,고기백화점,," 20,000 "," 3,716,134 "
expense,2025.02.16,다이소,," 8,000 "," 3,708,134 "
expense,2025.02.16,쿠팡,," 94,810 "," 3,613,324 "
expense,2025.02.16,주식회사 스타필드,," 4,000 "," 3,609,324 "
expense,2025.02.16,롯데쇼핑(주)타임 파스퇴르밀크바(특),," 4,500 "," 3,604,824 "
expense,2025.02.16,롯데쇼핑(주)타임 풍원장미역국정찬(자,," 55,000 "," 3,549,824 "
expense,2025.02.16,롯데쇼핑(주)롯데마트 ,," 11,900 "," 3,537,924 "
expense,2025.02.16,컬리페이_컬리,," 150,705 "," 3,387,219 "
expense,2025.02.17,이케아기흥점 (레스토랑),," 17,900 "," 3,369,319 "
expense,2025.02.17,이케아코리아 유한회사 기흥지점,," 27,700 "," 3,341,619 "
expense,2025.02.17,이케아기흥점(비스트로고객),, 700 ," 3,340,919 "
expense,2025.02.17,(주)뉴코아모던  특,," 26,700 "," 3,314,219 "
expense,2025.02.18,쿠팡,," 7,000 "," 3,307,219 "
expense,2025.02.18,지에스(GS)25 ,," 2,200 "," 3,305,019 "
expense,2025.02.19,(주)올리브홀딩스,," 1,500 "," 3,303,519 "
expense,2025.02.19,하이파킹(주),," 4,000 "," 3,299,519 "
expense,2025.02.20,롯데쇼핑(주)롯데마트 ,," 107,920 "," 3,191,599 "
expense,2025.02.20,쿠팡,," 9,900 "," 3,181,699 "
expense,2025.02.21,주식회사제이스버디,," 20,410 "," 3,161,289 "
expense,2025.02.21,네이버페이 네이버,," 37,000 "," 3,124,289 "
expense,2025.02.21,꿈꾸는 라운지,," 15,000 "," 3,109,289 "
expense,2025.02.21,주식회사 동탄문화복합개발,," 4,500 "," 3,104,789 "
expense,2025.02.21,G마켓(1566-5701),," 14,400 "," 3,090,389 "
expense,2025.02.21,지에스더프레시 ,," 12,060 "," 3,078,329 "
expense,2025.02.22,쿠팡,," 25,000 "," 3,053,329 "
expense,2025.02.22,네이버페이 네이버,," 16,000 "," 3,037,329 "
expense,2025.02.22,(주)우아한형제들,," 35,000 "," 3,002,329 "
expense,2025.02.22,주식회사 컬리페이,," 130,000 "," 2,872,329 "
expense,2025.02.22,쿠팡,," 1,600 "," 2,870,729 "
expense,2025.02.23,쿠팡,," 2,780 "," 2,867,949 "
expense,2025.02.24,아파트관리비_01월,," 261,990 "," 2,605,959 "
expense,2025.02.24,바로알림서비스 02월이용료,, 300 ," 2,605,659 "
expense,2025.02.24,지에스더프레시 ,," 4,980 "," 2,600,679 "
expense,2025.02.25,쿠팡,," 68,000 "," 2,532,679 "
expense,2025.02.25,시청,," 4,000 "," 2,528,679 "
expense,2025.02.26,메가스터디교육(주),," 113,900 "," 2,414,779 "
expense,2025.02.26,청담에너지,," 50,000 "," 2,364,779 "
expense,2025.02.26,다이소,," 3,000 "," 2,361,779 "
expense,2025.02.26,동양주차장,," 3,000 "," 2,358,779 "
expense,2025.02.26,지에스더프레시 ,," 16,080 "," 2,342,699 "
expense,2025.02.26,주식회사 카카오스타일,," 5,720 "," 2,336,979 "
expense,2025.02.26,컬리페이_컬리,," 180,000 "," 2,156,979 "
expense,2025.02.27,쿠팡,," 34,000 "," 2,122,979 "
expense,2025.02.27,(주)뉴코아모던  특,," 77,000 "," 2,045,979 "
expense,2025.02.27,(주)뉴코아,," 39,800 "," 2,006,179 "
expense,2025.02.28,쿠팡(와우 멤버십),," 7,890 "," 1,998,289 "
expense,2025.02.28,주식회사 아성다이소,," 6,000 "," 1,992,289 "
expense,2025.02.28,파리바게뜨 ,," 3,900 "," 1,988,389 "
expense,2025.02.28,지에스더프레시 ,," 4,980 "," 1,983,409 "
expense,2025.02.28,(주)우아한형제들,," 19,000 "," 1,964,409 "
expense,2025.02.28,쿠팡,," 5,500 "," 1,958,909 "
income,2025.03.01,월급," 4,000,000 ",," 5,958,909 "
expense,2025.03.01,(주)코앤컴,," 23,000 "," 5,935,909 "
expense,2025.03.02,(주)비브로스,," 1,100 "," 5,934,809 "
expense,2025.03.02,쿠팡,," 23,900 "," 5,910,909 "
expense,2025.03.03,캣플동탄점,," 38,000 "," 5,872,909 "
expense,2025.03.03,캣플동탄점,," 3,000 "," 5,869,909 "
expense,2025.03.03,(주)다이닝원 동탄직영점,," 49,800 "," 5,820,109 "
expense,2025.03.03,꿈꾸는 라운지,," 18,400 "," 5,801,709 "
expense,2025.03.03,나이스인프라 주식회사,," 9,500 "," 5,792,209 "
expense,2025.03.04,삼천리도시가스,," 12,870 "," 5,779,339 "
expense,2025.03.04,지에스(GS)25 ,," 2,200 "," 5,777,139 "
expense,2025.03.04,주식회사 카카오,," 30,000 "," 5,747,139 "
expense,2025.03.04,지에스더프레시 ,," 21,540 "," 5,725,599 "
expense,2025.03.05,동양주차장,," 1,500 "," 5,724,099 "
expense,2025.03.06,시청,," 3,000 "," 5,721,099 "
expense,2025.03.06,구글페이먼트코리아 유한회사,," 14,900 "," 5,706,199 "
expense,2025.03.07,쿠팡,," 34,000 "," 5,672,199 "
expense,2025.03.07,롯데쇼핑(주)롯데마트 ,," 157,920 "," 5,514,279 "
expense,2025.03.08,요기요_위대한상상,," 39,700 "," 5,474,579 "
expense,2025.03.08,집현전정보센타,," 132,000 "," 5,342,579 "
expense,2025.03.08,쿠팡,," 58,860 "," 5,283,719 "
expense,2025.03.08,주식회사 스타필드,," 64,000 "," 5,219,719 "
expense,2025.03.08,주식회사 스타필드,," 30,800 "," 5,188,919 "
expense,2025.03.08,주식회사 아성다이소,," 6,000 "," 5,182,919 "
expense,2025.03.08,쿠팡,," 3,590 "," 5,179,329 "
expense,2025.03.09,(주)우아한형제들,," 37,000 "," 5,142,329 "
expense,2025.03.09,쿠팡,," 34,470 "," 5,107,859 "
expense,2025.03.10,하이파킹(주),," 7,500 "," 5,100,359 "
expense,2025.03.10,주식회사 스타필드,," 181,650 "," 4,918,709 "
expense,2025.03.10,지에스더프레시 ,," 17,140 "," 4,901,569 "
expense,2025.03.11,통신료 02월,," 13,800 "," 4,887,769 "
expense,2025.03.11,통신료 02월,," 63,000 "," 4,824,769 "
expense,2025.03.11,주식회사 아성다이소,," 11,000 "," 4,813,769 "
expense,2025.03.11,컬리페이_컬리,," 156,921 "," 4,656,848 "
expense,2025.03.12,모모스테이크,," 50,500 "," 4,606,348 "
expense,2025.03.13,시청,," 4,000 "," 4,602,348 "
expense,2025.03.13,컬리,," 27,000 "," 4,575,348 "
expense,2025.03.14,백나예김밥,," 25,000 "," 4,550,348 "
expense,2025.03.15,쿠팡,," 35,270 "," 4,515,078 "
expense,2025.03.15,주식회사 스타필드,," 14,100 "," 4,500,978 "
expense,2025.03.15,주식회사 스타필드,," 19,000 "," 4,481,978 "
expense,2025.03.15,주식회사 스타필드,," 16,000 "," 4,465,978 "
expense,2025.03.15,주식회사 스타필드,," 16,640 "," 4,449,338 "
expense,2025.03.15,쿠팡,," 40,920 "," 4,408,418 "
expense,2025.03.16,에이치디현대오일뱅크(주)직영제일주유소,," 50,000 "," 4,358,418 "
expense,2025.03.16,지에스더프레시 ,," 32,010 "," 4,326,408 "
expense,2025.03.16,쿠팡,," 33,900 "," 4,292,508 "
expense,2025.03.18,쿠팡,," 78,000 "," 4,214,508 "
expense,2025.03.18,컬리페이_컬리,," 42,000 "," 4,172,508 "
expense,2025.03.18,쿠팡,," 14,900 "," 4,157,608 "
expense,2025.03.19,쿠팡,," 156,220 "," 4,001,388 "
expense,2025.03.19,고고삼겹,," 42,500 "," 3,958,888 "
expense,2025.03.19,고고삼겹,," 1,500 "," 3,957,388 "
expense,2025.03.19,고고삼겹,," 7,800 "," 3,949,588 "
expense,2025.03.19,하이파킹(주),," 7,000 "," 3,942,588 "
expense,2025.03.20,주식회사 아성다이소,," 11,000 "," 3,931,588 "
expense,2025.03.20,고기백화점,," 18,100 "," 3,913,488 "
expense,2025.03.20,지에스더프레시 ,," 4,980 "," 3,908,508 "
expense,2025.03.21,쿠팡,," 32,000 "," 3,876,508 "
expense,2025.03.21,이케아코리아 유한회사 기흥지점,," 21,800 "," 3,854,708 "
expense,2025.03.21,컬리페이_컬리,," 101,238 "," 3,753,470 "
expense,2025.03.21,고봉민김밥,," 96,000 "," 3,657,470 "
expense,2025.03.21,주식회사 아성다이소,," 4,000 "," 3,653,470 "
expense,2025.03.21,지에스더프레시 ,," 8,320 "," 3,645,150 "
expense,2025.03.22,쿠팡,," 25,480 "," 3,619,670 "
expense,2025.03.22,쿠팡,," 12,890 "," 3,606,780 "
expense,2025.03.22,주식회사 스타필드,," 10,200 "," 3,596,580 "
expense,2025.03.22,주식회사 스타필드,," 74,000 "," 3,522,580 "
expense,2025.03.22,(주) 영풍문고,," 22,800 "," 3,499,780 "
expense,2025.03.22,(주) 영풍문고,," 36,500 "," 3,463,280 "
expense,2025.03.22,컬리페이_컬리,," 85,436 "," 3,377,844 "
expense,2025.03.24,지에스더프레시 ,," 13,950 "," 3,363,894 "
expense,2025.03.24,지에스더프레시 ,," 5,340 "," 3,358,554 "
expense,2025.03.24,쿠팡,," 39,810 "," 3,318,744 "
expense,2025.03.25,바로알림서비스 03월이용료,, 300 ," 3,318,444 "
expense,2025.03.25,아파트관리비_02월,," 302,620 "," 3,015,824 "
expense,2025.03.25,컬리페이_컬리,," 91,130 "," 2,924,694 "
expense,2025.03.25,지에스더프레시 ,," 26,840 "," 2,897,854 "
expense,2025.03.25,고기백화점,," 12,400 "," 2,885,454 "
expense,2025.03.25,(주)우아한형제들,," 37,000 "," 2,848,454 "
expense,2025.03.25,쿠팡,," 398,610 "," 2,449,844 "
expense,2025.03.26,지에스더프레시 ,," 20,830 "," 2,429,014 "
expense,2025.03.26,메가스터디교육(주),," 113,900 "," 2,315,114 "
expense,2025.03.26,가치있는밥상,," 35,000 "," 2,280,114 "
expense,2025.03.26,하이파킹(주),," 7,000 "," 2,273,114 "
expense,2025.03.26,지에스(GS)25 ,," 6,000 "," 2,267,114 "
expense,2025.03.27,고기백화점,," 27,800 "," 2,239,314 "
expense,2025.03.27,컬리페이_컬리,," 91,000 "," 2,148,314 "
expense,2025.03.28,크린토피아,," 26,800 "," 2,121,514 "
expense,2025.03.28,주식회사 아성다이소,," 16,000 "," 2,105,514 "
expense,2025.03.29,쿠팡(와우 멤버십),," 7,890 "," 2,097,624 "
expense,2025.03.29,(유)아웃백스테이크하우스코리아스타필드점,," 100,555 "," 1,997,069 "
expense,2025.03.29,반다이남코코리아 스타필드점,," 4,000 "," 1,993,069 "
expense,2025.03.29,주식회사 스타필드,," 10,900 "," 1,982,169 "
expense,2025.03.29,주식회사 아성다이소,," 7,000 "," 1,975,169 "
expense,2025.03.30,주식회사 스타필드,," 15,400 "," 1,959,769 "
expense,2025.03.30,주식회사 아성다이소,," 3,000 "," 1,956,769 "
expense,2025.03.30,컬리,," 91,169 "," 1,865,600 "
expense,2025.03.31,쿠팡,," 76,000 "," 1,789,600 "
expense,2025.03.31,시청,," 6,000 "," 1,783,600 "
expense,2025.03.31,지에스(GS)25 ,," 10,700 "," 1,772,900 "
income,2025.04.01,월급," 4,000,000 ",," 5,772,900 "
expense,2025.04.01,파리바게뜨 ,," 3,500 "," 5,769,400 "
expense,2025.04.01,지에스더프레시 ,," 37,400 "," 5,732,000 "
expense,2025.04.01,지에스(GS)25 ,," 7,200 "," 5,724,800 "
expense,2025.04.02,(주)비브로스,," 1,100 "," 5,723,700 "
expense,2025.04.02,고기백화점,," 6,500 "," 5,717,200 "
expense,2025.04.02,하이파킹(주),," 4,000 "," 5,713,200 "
expense,2025.04.03,월드컵주유소,," 50,000 "," 5,663,200 "
expense,2025.04.04,컬리,," 94,140 "," 5,569,060 "
expense,2025.04.04,이마트24 아주대원룸점,," 13,000 "," 5,556,060 "
expense,2025.04.04,(주)뉴코아모던  특,," 21,300 "," 5,534,760 "
expense,2025.04.04,지에스(GS)25 ,," 19,180 "," 5,515,580 "
expense,2025.04.05,주식회사 카카오,," 34,000 "," 5,481,580 "
expense,2025.04.05,쿠팡,," 62,490 "," 5,419,090 "
expense,2025.04.05,스시1290,," 32,110 "," 5,386,980 "
expense,2025.04.05,주식회사 아성다이소,," 15,000 "," 5,371,980 "
expense,2025.04.05,지에스(GS)25 ,," 1,800 "," 5,370,180 "
expense,2025.04.06,구글페이먼트코리아 유한회사,," 14,900 "," 5,355,280 "
expense,2025.04.06,뚜레쥬르,," 33,000 "," 5,322,280 "
expense,2025.04.07,지에스(GS)25 ,," 4,000 "," 5,318,280 "
expense,2025.04.08,쿠팡,," 15,900 "," 5,302,380 "
expense,2025.04.08,지에스더프레시 ,," 58,270 "," 5,244,110 "
expense,2025.04.08,주식회사 카카오,," 34,000 "," 5,210,110 "
expense,2025.04.08,쿠팡,," 10,300 "," 5,199,810 "
expense,2025.04.08,지에스(GS)25 ,," 1,800 "," 5,198,010 "
expense,2025.04.09,스파렉스,," 12,000 "," 5,186,010 "
expense,2025.04.10,주식회사 아성다이소,," 11,000 "," 5,175,010 "
expense,2025.04.10,지에스더프레시 ,," 10,340 "," 5,164,670 "
expense,2025.04.10,지에스더프레시 ,," 5,480 "," 5,159,190 "
expense,2025.04.10,(주)코앤컴,," 25,200 "," 5,133,990 "
expense,2025.04.10,쿠팡,," 5,000 "," 5,128,990 "
expense,2025.04.10,쿠팡,," 14,530 "," 5,114,460 "
expense,2025.04.10,컬리페이_컬리,," 67,738 "," 5,046,722 "
expense,2025.04.11,통신료 03월,," 63,000 "," 4,983,722 "
expense,2025.04.11,통신료 03월,," 13,800 "," 4,969,922 "
expense,2025.04.11,지에스더프레시 ,," 6,980 "," 4,962,942 "
expense,2025.04.11,씨유(CU) ,," 10,700 "," 4,952,242 "
expense,2025.04.11,다이소,," 4,000 "," 4,948,242 "
expense,2025.04.12,생활맥주,," 24,500 "," 4,923,742 "
expense,2025.04.12,컬리페이_컬리,," 93,529 "," 4,830,213 "
expense,2025.04.15,쿠팡,," 16,650 "," 4,813,563 "
expense,2025.04.16,아이닉,," 104,000 "," 4,709,563 "
expense,2025.04.16,고기백화점,," 16,400 "," 4,693,163 "
expense,2025.04.16,지에스더프레시 ,," 11,460 "," 4,681,703 "
expense,2025.04.17,고봉민김밥,," 13,100 "," 4,668,603 "
expense,2025.04.17,지에스더프레시 ,," 5,460 "," 4,663,143 "
expense,2025.04.17,쿠팡,," 49,710 "," 4,613,433 "
expense,2025.04.17,컬리,," 65,748 "," 4,547,685 "
expense,2025.04.17,쿠팡,," 23,820 "," 4,523,865 "
expense,2025.04.17,쿠팡,," 14,220 "," 4,509,645 "
expense,2025.04.17,쿠팡,," 23,000 "," 4,486,645 "
expense,2025.04.18,(주)뉴코아,," 39,900 "," 4,446,745 "
expense,2025.04.18,(주)뉴코아,," 10,900 "," 4,435,845 "
expense,2025.04.18,컬리페이_컬리,," 127,000 "," 4,308,845 "
expense,2025.04.18,지에스(GS)25 ,," 2,200 "," 4,306,645 "
expense,2025.04.19,주식회사 스타필드,," 7,600 "," 4,299,045 "
expense,2025.04.19,주식회사 스타필드,," 2,500 "," 4,296,545 "
expense,2025.04.19,(주) 영풍문고,," 24,900 "," 4,271,645 "
expense,2025.04.19,주식회사 스타필드,," 8,500 "," 4,263,145 "
expense,2025.04.20,하이파킹(주),," 2,500 "," 4,260,645 "
expense,2025.04.20,지에스더프레시 ,," 33,040 "," 4,227,605 "
expense,2025.04.20,쿠팡,," 35,030 "," 4,192,575 "
expense,2025.04.21,주식회사 아성다이소,," 5,000 "," 4,187,575 "
expense,2025.04.21,지에스더프레시 ,," 3,980 "," 4,183,595 "
expense,2025.04.21,쿠팡,," 83,540 "," 4,100,055 "
expense,2025.04.21,쿠팡,," 13,280 "," 4,086,775 "
expense,2025.04.22,쿠팡,," 114,820 "," 3,971,955 "
expense,2025.04.22,(주)우아한형제들,," 36,600 "," 3,935,355 "
expense,2025.04.22,컬리페이_컬리,," 91,000 "," 3,844,355 "
expense,2025.04.24,아파트관리비_03월,," 276,600 "," 3,567,755 "
expense,2025.04.24,바로알림서비스 04월이용료,, 300 ," 3,567,455 "
expense,2025.04.24,(주)케이에이씨,," 395,000 "," 3,172,455 "
expense,2025.04.25,키즈스피치예소스,," 320,000 "," 2,852,455 "
expense,2025.04.25,아이파킹 주식회사,," 1,200 "," 2,851,255 "
expense,2025.04.25,착한애견분양강아지,," 950,000 "," 1,901,255 "
expense,2025.04.25,고봉민김밥,," 17,900 "," 1,883,355 "
expense,2025.04.25,지에스더프레시 ,," 6,720 "," 1,876,635 "
expense,2025.04.25,쿠팡,," 13,000 "," 1,863,635 "
expense,2025.04.26,메가스터디교육(주),," 113,900 "," 1,749,735 "
expense,2025.04.29,쿠팡(와우 멤버십),," 7,890 "," 1,741,845 "
expense,2025.04.29,아이사랑치과의원,," 92,100 "," 1,649,745 "
expense,2025.04.29,카사밀라 파크24,," 6,850 "," 1,642,895 "
expense,2025.04.29,컬리페이_컬리,," 77,597 "," 1,565,298 "
expense,2025.04.30,(주)우아한형제들,," 61,900 "," 1,503,398 "
expense,2025.04.30,하이파킹(주),," 6,000 "," 1,497,398 "
expense,2025.04.30,에이치디현대오일뱅크(주)직영제일주유소,," 50,000 "," 1,447,398 "
income,2025.05.01,월급," 4,000,000 ",," 5,447,398 "
expense,2025.05.01,쿠팡,," 8,360 "," 5,439,038 "
expense,2025.05.01,쿠팡,," 43,200 "," 5,395,838 "
expense,2025.05.01,지에스(GS)25 ,," 6,000 "," 5,389,838 "
expense,2025.05.02,(주)비브로스,," 1,100 "," 5,388,738 "
expense,2025.05.02,세븐일레븐,," 1,700 "," 5,387,038 "
expense,2025.05.02,케이(K)브런치 레아,," 11,500 "," 5,375,538 "
expense,2025.05.02,퍼니랜드,," 1,000 "," 5,374,538 "
expense,2025.05.02,아이파킹 주식회사,," 2,700 "," 5,371,838 "
expense,2025.05.02,컬리,," 161,631 "," 5,210,207 "
expense,2025.05.03,쿠팡,," 73,830 "," 5,136,377 "
expense,2025.05.04,카카오페이,," 7,500 "," 5,128,877 "
expense,2025.05.05,지에스(GS)25 ,," 5,300 "," 5,123,577 "
expense,2025.05.06,구글페이먼트코리아 유한회사,," 14,900 "," 5,108,677 "
expense,2025.05.06,갈비명가궁,," 126,400 "," 4,982,277 "
expense,2025.05.06,주식회사 아성다이소,," 10,000 "," 4,972,277 "
expense,2025.05.07,에덴동물병원,," 35,000 "," 4,937,277 "
expense,2025.05.07,견생냥품24시무인펫샵점,," 10,700 "," 4,926,577 "
expense,2025.05.07,지에스더프레시 ,," 9,040 "," 4,917,537 "
expense,2025.05.07,하이파킹(주),," 6,000 "," 4,911,537 "
expense,2025.05.07,쿠팡,," 76,649 "," 4,834,888 "
expense,2025.05.08,지에스더프레시 ,," 19,160 "," 4,815,728 "
expense,2025.05.09,주식회사 카카오,," 30,000 "," 4,785,728 "
expense,2025.05.09,케이(K)브런치 레아,," 13,000 "," 4,772,728 "
expense,2025.05.09,퍼니랜드,," 1,000 "," 4,771,728 "
expense,2025.05.09,아이파킹 주식회사,," 3,000 "," 4,768,728 "
expense,2025.05.09,쿠팡,," 70,980 "," 4,697,748 "
expense,2025.05.09,쿠팡,," 5,300 "," 4,692,448 "
expense,2025.05.10,컬리페이_컬리,," 156,881 "," 4,535,567 "
expense,2025.05.11,하이파킹(주),," 2,000 "," 4,533,567 "
expense,2025.05.11,쿠팡,," 17,880 "," 4,515,687 "
expense,2025.05.12,통신료 04월,," 63,000 "," 4,452,687 "
expense,2025.05.12,통신료 04월,," 13,800 "," 4,438,887 "
expense,2025.05.12,컬리,," 77,890 "," 4,360,997 "
expense,2025.05.13,주식회사 아성다이소,," 11,000 "," 4,349,997 "
expense,2025.05.13,쿠팡,," 11,400 "," 4,338,597 "
expense,2025.05.14,네이버페이 네이버,," 2,000 "," 4,336,597 "
expense,2025.05.14,하이파킹(주),," 5,500 "," 4,331,097 "
expense,2025.05.14,쿠팡,," 13,830 "," 4,317,267 "
expense,2025.05.14,주식회사 아성다이소,," 1,000 "," 4,316,267 "
expense,2025.05.16,이솝베이커리,," 15,000 "," 4,301,267 "
expense,2025.05.16,씨유(CU),," 2,500 "," 4,298,767 "
expense,2025.05.17,(유)아웃백스테이크하우스코리아타임빌라스점,," 100,130 "," 4,198,637 "
expense,2025.05.17,롯데쇼핑(주)타임 파스퇴르밀크바(특),," 4,500 "," 4,194,137 "
expense,2025.05.17,롯데쇼핑(주)타임 나이키,," 129,000 "," 4,065,137 "
expense,2025.05.17,롯데쇼핑(주)타임 크록스,," 79,900 "," 3,985,237 "
expense,2025.05.17,주식회사 하양,," 1,000 "," 3,984,237 "
expense,2025.05.17,(주)우아한형제들,," 28,500 "," 3,955,737 "
expense,2025.05.17,컬리,," 125,000 "," 3,830,737 "
expense,2025.05.18,하이파킹(주),," 2,000 "," 3,828,737 "
expense,2025.05.19,쿠팡,," 38,620 "," 3,790,117 "
expense,2025.05.19,쿠팡,," 347,690 "," 3,442,427 "
expense,2025.05.20,쿠팡,," 10,500 "," 3,431,927 "
expense,2025.05.20,쿠팡,," 10,350 "," 3,421,577 "
expense,2025.05.21,하이파킹(주),," 6,500 "," 3,415,077 "
expense,2025.05.21,컬리,," 25,000 "," 3,390,077 "
expense,2025.05.23,씨유(CU),," 2,500 "," 3,387,577 "
expense,2025.05.23,주식회사 아성다이소,," 3,000 "," 3,384,577 "
expense,2025.05.23,케이(K)브런치 레아,," 12,300 "," 3,372,277 "
expense,2025.05.23,퍼니랜드,," 1,000 "," 3,371,277 "
expense,2025.05.23,아이파킹 주식회사,," 2,700 "," 3,368,577 "
expense,2025.05.23,(주)우아한형제들,," 39,000 "," 3,329,577 "
expense,2025.05.23,쿠팡,," 50,160 "," 3,279,417 "
expense,2025.05.24,지에스(GS)25 ,," 13,100 "," 3,266,317 "
expense,2025.05.24,주식회사 아성다이소,," 8,000 "," 3,258,317 "
expense,2025.05.24,고기백화점,," 25,900 "," 3,232,417 "
expense,2025.05.24,컬리,," 214,991 "," 3,017,426 "
expense,2025.05.25,하이파킹(주),," 2,500 "," 3,014,926 "
expense,2025.05.25,지에스(GS)25 ,," 5,500 "," 3,009,426 "
expense,2025.05.26,바로알림서비스 05월이용료,, 300 ," 3,009,126 "
expense,2025.05.26,메가스터디교육(주),," 113,900 "," 2,895,226 "
expense,2025.05.26,에덴동물병원,," 35,000 "," 2,860,226 "
expense,2025.05.26,지에스(GS)25 ,," 1,700 "," 2,858,526 "
expense,2025.05.27,아파트관리비_04월,," 288,510 "," 2,570,016 "
expense,2025.05.27,네이버페이 네이버,," 16,000 "," 2,554,016 "
expense,2025.05.27,컬리페이_컬리,," 87,004 "," 2,467,012 "
expense,2025.05.27,쿠팡,," 59,850 "," 2,407,162 "
expense,2025.05.27,네이버페이 네이버,," 22,800 "," 2,384,362 "
expense,2025.05.27,쿠팡,," 4,960 "," 2,379,402 "
expense,2025.05.28,아주대학교의료원,," 3,500 "," 2,375,902 "
expense,2025.05.29,쿠팡(와우멤버십),," 7,890 "," 2,368,012 "
expense,2025.05.29,지에스(GS)25 ,," 10,000 "," 2,358,012 "
expense,2025.05.30,씨유(CU),," 4,800 "," 2,353,212 "
expense,2025.05.30,동문B주유소,," 50,000 "," 2,303,212 "
expense,2025.05.30,스타벅스코리아,, 800 ," 2,302,412 "
expense,2025.05.30,키즈스피치예소스,," 320,000 "," 1,982,412 "
expense,2025.05.30,케이(K)브런치 레아,," 18,000 "," 1,964,412 "
expense,2025.05.30,퍼니랜드,," 1,000 "," 1,963,412 "
expense,2025.05.30,퍼니랜드,," 1,000 "," 1,962,412 "
expense,2025.05.30,아이파킹 주식회사,," 2,700 "," 1,959,712 "
expense,2025.05.30,주식회사 카카오,," 2,000 "," 1,957,712 "
expense,2025.05.31,주식회사 카카오,," 2,000 "," 1,955,712 "
expense,2025.05.31,쿠팡,," 60,700 "," 1,895,012 "
expense,2025.05.31,고봉민김밥,," 91,000 "," 1,804,012 "
expense,2025.05.31,주식회사 아성다이소,," 8,000 "," 1,796,012 "
expense,2025.05.31,지에스더프레시 ,," 26,360 "," 1,769,652 "
expense,2025.05.31,쿠팡,," 18,000 "," 1,751,652 "
income,2025.06.01,월급," 3,000,000 ",," 4,751,652 "
expense,2025.06.02,삼천리도시가스,," 15,990 "," 4,735,662 "
expense,2025.06.02,(주)비브로스,," 1,100 "," 4,734,562 "
expense,2025.06.02,컬리페이_컬리,," 144,480 "," 4,590,082 "
expense,2025.06.02,쿠팡,," 20,590 "," 4,569,492 "
expense,2025.06.02,쿠팡,,"-8,990 "," 4,578,482 "
expense,2025.06.03,주식회사 아성다이소,," 10,000 "," 4,568,482 "
expense,2025.06.03,컬리페이_컬리,," 69,776 "," 4,498,706 "
expense,2025.06.04,지에스더프레시 ,," 2,300 "," 4,496,406 "
expense,2025.06.05,이스트에스와이주식회사,," 46,700 "," 4,449,706 "
expense,2025.06.05,컬리,," 99,855 "," 4,349,851 "
expense,2025.06.06,(주)뉴코아,," 35,900 "," 4,313,951 "
expense,2025.06.06,(주)뉴코아,," 39,800 "," 4,274,151 "
expense,2025.06.06,(주)뉴코아모던  특,," 14,650 "," 4,259,501 "
expense,2025.06.06,(주)뉴코아외식  식,," 21,800 "," 4,237,701 "
expense,2025.06.06,구글페이먼트코리아 유한회사,," 14,900 "," 4,222,801 "
expense,2025.06.07,쿠팡,," 84,290 "," 4,138,511 "
expense,2025.06.07,쿠팡,," 4,830 "," 4,133,681 "
expense,2025.06.07,쿠팡,," 19,700 "," 4,113,981 "
expense,2025.06.08,하이파킹(주),," 2,000 "," 4,111,981 "
expense,2025.06.08,쿠팡,," 16,970 "," 4,095,011 "
expense,2025.06.09,이케아기흥점 (레스토랑),," 4,400 "," 4,090,611 "
expense,2025.06.09,이케아코리아 유한회사 기흥지점,," 93,100 "," 3,997,511 "
expense,2025.06.09,이케아기흥점(비스트로고객),," 45,400 "," 3,952,111 "
expense,2025.06.10,에덴동물병원,," 44,000 "," 3,908,111 "
expense,2025.06.10,견생냥품24시무인펫샵점,," 5,000 "," 3,903,111 "
expense,2025.06.10,컬리,," 114,635 "," 3,788,476 "
expense,2025.06.11,통신료 05월,," 13,800 "," 3,774,676 "
expense,2025.06.11,통신료 05월,," 63,000 "," 3,711,676 "
expense,2025.06.12,쿠팡,," 880,000 "," 2,831,676 "
expense,2025.06.13,쿠팡,," 10,900 "," 2,820,776 "
expense,2025.06.13,다이소,," 11,000 "," 2,809,776 "
expense,2025.06.13,스시1290,," 19,510 "," 2,790,266 "
expense,2025.06.13,바나프레소(구청점),," 3,800 "," 2,786,466 "
expense,2025.06.13,퍼니랜드,," 3,000 "," 2,783,466 "
expense,2025.06.13,아이파킹 주식회사,," 2,100 "," 2,781,366 "
expense,2025.06.14,교보문고,," 53,200 "," 2,728,166 "
expense,2025.06.14,(주)교보문고,," 15,900 "," 2,712,266 "
expense,2025.06.14,멘지,," 22,000 "," 2,690,266 "
expense,2025.06.14,(주)노벨과개미,," 3,500 "," 2,686,766 "
expense,2025.06.14,쿠팡,," 10,980 "," 2,675,786 "
expense,2025.06.15,견생냥품24시무인펫샵점,," 30,800 "," 2,644,986 "
expense,2025.06.15,컬리페이_컬리,," 115,190 "," 2,529,796 "
expense,2025.06.15,쿠팡,," 39,150 "," 2,490,646 "
expense,2025.06.15,지에스(GS)25 ,," 14,900 "," 2,475,746 "
expense,2025.06.16,쿠팡,," 35,910 "," 2,439,836 "
expense,2025.06.18,견생냥품24시무인펫샵점,," 21,000 "," 2,418,836 "
expense,2025.06.18,쿠팡,," 54,360 "," 2,364,476 "
expense,2025.06.18,지에스(GS)25 ,," 3,500 "," 2,360,976 "
expense,2025.06.20,주식회사 아성다이소,," 3,000 "," 2,357,976 "
expense,2025.06.20,퍼니랜드,," 3,000 "," 2,354,976 "
expense,2025.06.20,공차 ,," 5,800 "," 2,349,176 "
expense,2025.06.20,아이파킹 주식회사,," 2,100 "," 2,347,076 "
expense,2025.06.20,컬리,," 89,217 "," 2,257,859 "
expense,2025.06.20,컬리,,"-89,217 "," 2,347,076 "
expense,2025.06.20,컬리,," 63,000 "," 2,284,076 "
expense,2025.06.20,네이버페이 네이버,," 60,000 "," 2,224,076 "
expense,2025.06.21,주식회사 스타필드하남,," 73,500 "," 2,150,576 "
expense,2025.06.21,주식회사 스타필드하남,," 4,500 "," 2,146,076 "
expense,2025.06.22,견생냥품24시무인펫샵점,," 8,910 "," 2,137,166 "
expense,2025.06.22,지에스(GS)25 ,," 1,100 "," 2,136,066 "
expense,2025.06.23,지에스(GS)25 ,, 900 ," 2,135,166 "
expense,2025.06.23,쿠팡,," 23,900 "," 2,111,266 "
expense,2025.06.24,아파트관리비_05월,," 354,070 "," 1,757,196 "
expense,2025.06.24,바로알림서비스 06월이용료,, 300 ," 1,756,896 "
expense,2025.06.24,에덴동물병원,," 35,000 "," 1,721,896 "
expense,2025.06.25,레볼루션,," 28,000 "," 1,693,896 "
expense,2025.06.25,고기백화점,," 17,200 "," 1,676,696 "
expense,2025.06.25,지에스더프레시 ,," 20,950 "," 1,655,746 "
expense,2025.06.25,쿠팡,," 47,570 "," 1,608,176 "
expense,2025.06.25,컬리,," 49,880 "," 1,558,296 "
expense,2025.06.26,메가스터디교육(주),," 113,900 "," 1,444,396 "
expense,2025.06.27,미소야,," 23,500 "," 1,420,896 "
expense,2025.06.27,청담에너지,," 50,000 "," 1,370,896 "
expense,2025.06.27,키즈스피치예소스,," 320,000 "," 1,050,896 "
expense,2025.06.27,공차 ,," 6,500 "," 1,044,396 "
expense,2025.06.28,고벤트 주식회사,," 30,000 "," 1,014,396 "
expense,2025.06.28,멘지,," 22,000 "," 992,396 "
expense,2025.06.28,던킨도너츠컨벤션센터점,," 4,500 "," 987,896 "
expense,2025.06.28,시청,," 8,500 "," 979,396 "
expense,2025.06.28,컬리,," 114,386 "," 865,010 "
expense,2025.06.29,쿠팡(와우 멤버십),," 7,890 "," 857,120 "
expense,2025.06.29,견생냥품24시무인펫샵점,," 6,300 "," 850,820 "
expense,2025.06.30,하이파킹(주),," 2,000 "," 848,820 "
expense,2025.06.30,쿠팡이츠,," 60,988 "," 787,832 "
expense,2025.06.30,쿠팡,," 4,000 "," 783,832 "
income,2025.07.01,월급," 3,000,000 ",," 3,783,832 "
expense,2025.07.01,푸른약국,," 18,000 "," 3,765,832 "
expense,2025.07.01,지에스더프레시 ,," 27,340 "," 3,738,492 "
expense,2025.07.01,쿠팡,," 128,980 "," 3,609,512 "
expense,2025.07.02,(주)비브로스,," 1,100 "," 3,608,412 "
expense,2025.07.02,에덴동물병원,," 50,000 "," 3,558,412 "
expense,2025.07.02,지에스(GS)25 ,," 6,000 "," 3,552,412 "
expense,2025.07.04,공차 ,," 6,900 "," 3,545,512 "
expense,2025.07.04,지에스더프레시 ,," 18,860 "," 3,526,652 "
expense,2025.07.05,컬리,," 124,103 "," 3,402,549 "
expense,2025.07.06,다이소,," 11,200 "," 3,391,349 "
expense,2025.07.06,구글페이먼트코리아 유한회사,," 14,900 "," 3,376,449 "
expense,2025.07.06,쿠팡,," 59,200 "," 3,317,249 "
expense,2025.07.07,연세로이소아청소년과의원,," 5,500 "," 3,311,749 "
expense,2025.07.07,푸른약국,," 3,900 "," 3,307,849 "
expense,2025.07.07,지에스(GS)25 ,," 1,100 "," 3,306,749 "
expense,2025.07.09,컬리페이_컬리,," 78,698 "," 3,228,051 "
expense,2025.07.10,연세로이소아청소년과의원,," 3,900 "," 3,224,151 "
expense,2025.07.10,푸른약국,," 3,900 "," 3,220,251 "
expense,2025.07.10,메가엠지씨커피 ,," 7,300 "," 3,212,951 "
expense,2025.07.10,주식회사 아성다이소,," 14,500 "," 3,198,451 "
expense,2025.07.10,지에스더프레시 ,," 9,900 "," 3,188,551 "
expense,2025.07.10,쿠팡,," 6,190 "," 3,182,361 "
expense,2025.07.11,통신료 06월,," 13,800 "," 3,168,561 "
expense,2025.07.11,통신료 06월,," 52,630 "," 3,115,931 "
expense,2025.07.13,카페타임,," 7,000 "," 3,108,931 "
expense,2025.07.13,지에스(GS)25 ,," 9,900 "," 3,099,031 "
expense,2025.07.13,컬리페이_컬리,," 91,555 "," 3,007,476 "
expense,2025.07.14,주식회사 트립일레븐,," 490,000 "," 2,517,476 "
expense,2025.07.14,쿠팡,," 18,040 "," 2,499,436 "
expense,2025.07.15,(주)타이드스퀘어투어비스,," 78,000 "," 2,421,436 "
expense,2025.07.15,컬리,," 160,967 "," 2,260,469 "
expense,2025.07.16,푸른약국,," 4,000 "," 2,256,469 "
expense,2025.07.16,주식회사 아성다이소,," 20,500 "," 2,235,969 "
expense,2025.07.17,댕욕탕,," 60,000 "," 2,175,969 "
expense,2025.07.17,쿠팡,," 32,420 "," 2,143,549 "
expense,2025.07.18,(주)케이에프씨코리아KFC,," 11,800 "," 2,131,749 "
expense,2025.07.18,공차 ,," 5,100 "," 2,126,649 "
expense,2025.07.18,인계동주유소,," 50,000 "," 2,076,649 "
expense,2025.07.19,견생냥품24시무인펫샵점,," 25,120 "," 2,051,529 "
expense,2025.07.19,주식회사 아성다이소,," 8,000 "," 2,043,529 "
expense,2025.07.19,지에스더프레시 ,," 17,550 "," 2,025,979 "
expense,2025.07.19,주식회사 카카오,," 19,900 "," 2,006,079 "
expense,2025.07.20,주식회사 스타필드,," 8,200 "," 1,997,879 "
expense,2025.07.20,주식회사 스타필드,," 26,800 "," 1,971,079 "
expense,2025.07.20,(주) 영풍문고,," 45,700 "," 1,925,379 "
expense,2025.07.20,(주) 영풍문고,," 11,000 "," 1,914,379 "
expense,2025.07.20,주식회사 스타필드,," 8,900 "," 1,905,479 "
expense,2025.07.20,주식회사 스타필드,," 11,000 "," 1,894,479 "
expense,2025.07.20,쿠팡,," 31,890 "," 1,862,589 "
expense,2025.07.20,컬리,," 55,100 "," 1,807,489 "
expense,2025.07.22,메가엠지씨커피 ,," 7,300 "," 1,800,189 "
expense,2025.07.22,주식회사 카카오,," 34,000 "," 1,766,189 "
expense,2025.07.23,주식회사 카카오,," 25,100 "," 1,741,089 "
expense,2025.07.23,컬리페이_컬리,," 141,830 "," 1,599,259 "
expense,2025.07.23,쿠팡,," 13,900 "," 1,585,359 "
expense,2025.07.24,주식회사 아성다이소,," 23,500 "," 1,561,859 "
expense,2025.07.24,지에스더프레시 ,," 28,050 "," 1,533,809 "
expense,2025.07.25,아파트관리비_06월,," 248,330 "," 1,285,479 "
expense,2025.07.25,바로알림서비스 07월이용료,, 300 ," 1,285,179 "
expense,2025.07.25,케이(K)브런치 레아,," 10,800 "," 1,274,379 "
expense,2025.07.25,공차 ,," 5,800 "," 1,268,579 "
expense,2025.07.25,쿠팡,," 54,970 "," 1,213,609 "
expense,2025.07.26,메가스터디교육(주),," 113,900 "," 1,099,709 "
expense,2025.07.26,지에스더프레시 ,," 33,460 "," 1,066,249 "
expense,2025.07.27,씨유(CU),," 2,200 "," 1,064,049 "
expense,2025.07.27,주식회사 아주대뮤즈,," 35,500 "," 1,028,549 "
expense,2025.07.27,견생냥품24시무인펫샵점,," 29,160 "," 999,389 "
expense,2025.07.27,쿠팡,," 3,690 "," 995,699 "
expense,2025.07.27,쿠팡,," 5,600 "," 990,099 "
expense,2025.07.27,쿠팡,," 51,680 "," 938,419 "
expense,2025.07.28,지에스(GS)25 ,," 13,050 "," 925,369 "
expense,2025.07.29,쿠팡(와우 멤버십),," 7,890 "," 917,479 "
expense,2025.07.29,(주)소노인터내셔널,," 13,000 "," 904,479 "
expense,2025.07.29,네이버페이 네이버,," 164,000 "," 740,479 "
expense,2025.07.30,(주)소노스퀘어,," 7,800 "," 732,679 "
expense,2025.07.30,(주)소노인터내셔널,," 24,000 "," 708,679 "
expense,2025.07.30,(주)소노인터내셔널,," 59,900 "," 648,779 "
expense,2025.07.30,(주)소노인터내셔널,," 10,000 "," 638,779 "
expense,2025.07.30,(주)소노인터내셔널,," 16,000 "," 622,779 "
expense,2025.07.30,쿠팡이츠,," 24,600 "," 598,179 "
expense,2025.07.30,컬리페이_컬리,," 190,857 "," 407,322 "
expense,2025.07.31,쿠팡,," 13,700 "," 393,622 "
expense,2025.07.31,롯데시네마 온라인 티켓,," 30,000 "," 363,622 "
expense,2025.07.31,쿠팡,," 47,480 "," 316,142 "
expense,2025.07.31,카카오페이,," 15,000 "," 301,142 "
expense,2025.07.31,지에스(GS)25 뷰점,," 2,900 "," 298,242 "
income,2025.08.01,월급," 4,000,000 ",," 4,298,242 "
expense,2025.08.01,롯데시네마 티켓 외,," 12,900 "," 4,285,342 "
expense,2025.08.01,롯데시네마 티켓 외,," 3,000 "," 4,282,342 "
expense,2025.08.01,롯데몰 금파돈까스,," 45,000 "," 4,237,342 "
expense,2025.08.01,쿠팡,," 20,050 "," 4,217,292 "
expense,2025.08.02,(주)비브로스,," 1,100 "," 4,216,192 "
expense,2025.08.02,지에스(GS)25 ,," 6,000 "," 4,210,192 "
expense,2025.08.02,쿠팡,," 17,460 "," 4,192,732 "
expense,2025.08.02,컬리,," 106,470 "," 4,086,262 "
expense,2025.08.02,쿠팡,," 16,830 "," 4,069,432 "
expense,2025.08.03,써브웨이,," 147,000 "," 3,922,432 "
expense,2025.08.03,주식회사 아성다이소,," 25,000 "," 3,897,432 "
expense,2025.08.05,주식회사 스타필드,," 48,000 "," 3,849,432 "
expense,2025.08.05,주식회사 스타필드,," 26,800 "," 3,822,632 "
expense,2025.08.05,컬리페이_컬리,," 147,675 "," 3,674,957 "
expense,2025.08.06,지에스(GS)25 ,," 9,200 "," 3,665,757 "
expense,2025.08.06,쿠팡이츠,," 42,900 "," 3,622,857 "
expense,2025.08.06,구글페이먼트코리아 유한회사,," 14,900 "," 3,607,957 "
expense,2025.08.06,씨제이올리브영(주)점,," 6,600 "," 3,601,357 "
expense,2025.08.06,주식회사 아성다이소,," 13,500 "," 3,587,857 "
expense,2025.08.06,메가엠지씨커피 ,," 4,400 "," 3,583,457 "
expense,2025.08.07,쿠팡,," 52,390 "," 3,531,067 "
expense,2025.08.08,네이버페이 네이버,," 214,000 "," 3,317,067 "
expense,2025.08.08,스타벅스코리아,," 6,100 "," 3,310,967 "
expense,2025.08.08,케이(K)브런치 레아,," 18,300 "," 3,292,667 "
expense,2025.08.09,이디야(홍대청기와점),," 14,800 "," 3,277,867 "
expense,2025.08.10,쿠팡,," 64,290 "," 3,213,577 "
expense,2025.08.10,마켓컬리,," 219,888 "," 2,993,689 "
expense,2025.08.11,통신료 07월,," 45,730 "," 2,947,959 "
expense,2025.08.11,통신료 07월,," 13,800 "," 2,934,159 "
expense,2025.08.12,청담에너지,," 50,000 "," 2,884,159 "
expense,2025.08.12,아이러브퍼피카페,," 32,000 "," 2,852,159 "
expense,2025.08.12,아이러브퍼피카페,," 7,500 "," 2,844,659 "
expense,2025.08.12,쿠팡,," 5,730 "," 2,838,929 "
expense,2025.08.12,신성통상㈜,," 49,500 "," 2,789,429 "
expense,2025.08.12,견생냥품24시무인펫샵점,," 13,990 "," 2,775,439 "
expense,2025.08.13,주식회사 카카오,," 29,900 "," 2,745,539 "
expense,2025.08.14,쿠팡,," 49,450 "," 2,696,089 "
expense,2025.08.15,컬리페이_컬리,," 195,792 "," 2,500,297 "
expense,2025.08.16,지에스더프레시 ,," 24,320 "," 2,475,977 "
expense,2025.08.16,한국닌텐도 주식회사,," 19,900 "," 2,456,077 "
expense,2025.08.16,컬리페이_컬리,," 37,500 "," 2,418,577 "
expense,2025.08.17,다이소,," 6,000 "," 2,412,577 "
expense,2025.08.18,지에스(GS)25 ,," 3,200 "," 2,409,377 "
expense,2025.08.18,댕욕탕,," 15,000 "," 2,394,377 "
expense,2025.08.19,무인양품(주)스타필드점,," 21,600 "," 2,372,777 "
expense,2025.08.19,주식회사 스타필드,," 29,900 "," 2,342,877 "
expense,2025.08.19,(주) 영풍문고,," 23,500 "," 2,319,377 "
expense,2025.08.19,참약사스타약국,," 12,000 "," 2,307,377 "
expense,2025.08.19,주식회사 아성다이소,," 4,000 "," 2,303,377 "
expense,2025.08.19,주식회사 아성다이소,," 5,000 "," 2,298,377 "
expense,2025.08.20,주식회사 아성다이소,," 3,000 "," 2,295,377 "
expense,2025.08.20,주식회사 카카오,," 27,900 "," 2,267,477 "
expense,2025.08.20,메가엠지씨커피 ,, 700 ," 2,266,777 "
expense,2025.08.20,쿠팡,," 58,560 "," 2,208,217 "
expense,2025.08.21,트레이더스홀세일클럽스타필드,," 135,700 "," 2,072,517 "
expense,2025.08.22,카사밀라 파크24,," 10,600 "," 2,061,917 "
expense,2025.08.22,스타벅스코리아,," 6,100 "," 2,055,817 "
expense,2025.08.22,키즈스피치예소스,," 320,000 "," 1,735,817 "
expense,2025.08.22,케이(K)브런치 레아,," 12,300 "," 1,723,517 "
expense,2025.08.22,하나로주차관리,, 500 ," 1,723,017 "
expense,2025.08.23,토이저러스,," 16,900 "," 1,706,117 "
expense,2025.08.23,주식회사 아성다이소,," 4,200 "," 1,701,917 "
expense,2025.08.23,메콩타이 주식회사,," 37,300 "," 1,664,617 "
expense,2025.08.23,견생냥품24시무인펫샵점,," 9,010 "," 1,655,607 "
expense,2025.08.24,쿠팡이츠,," 36,900 "," 1,618,707 "
expense,2025.08.24,컬리페이_컬리,," 122,000 "," 1,496,707 "
expense,2025.08.24,쿠팡,," 26,020 "," 1,470,687 "
expense,2025.08.25,바로알림서비스 08월이용료,, 300 ," 1,470,387 "
expense,2025.08.25,쿠팡,," 19,370 "," 1,451,017 "
expense,2025.08.26,아파트관리비_07월,," 298,030 "," 1,152,987 "
expense,2025.08.26,메가스터디교육(주),," 113,900 "," 1,039,087 "
expense,2025.08.27,크린토피아,," 3,720 "," 1,035,367 "
expense,2025.08.27,지에스더프레시 ,," 32,380 "," 1,002,987 "
expense,2025.08.27,쿠팡,," 137,560 "," 865,427 "
expense,2025.08.28,이케아코리아 유한회사 기흥지점,," 4,900 "," 860,527 "
expense,2025.08.28,이케아기흥점 (레스토랑),," 18,300 "," 842,227 "
expense,2025.08.28,이케아기흥점(비스트로고객),," 26,800 "," 815,427 "
expense,2025.08.28,쿠팡,," 224,850 "," 590,577 "
expense,2025.08.29,쿠팡(와우 멤버십),," 7,890 "," 582,687 "
expense,2025.08.29,카사밀라 파크24,," 9,350 "," 573,337 "
expense,2025.08.29,케이(K)브런치 레아,," 12,300 "," 561,037 "
expense,2025.08.29,하나로주차관리,," 13,000 "," 548,037 "
expense,2025.08.29,고봉민김밥,," 7,600 "," 540,437 "
expense,2025.08.30,쿠팡,," 96,620 "," 443,817 "
expense,2025.08.30,뚜레쥬르 솔밭사거리점,," 28,000 "," 415,817 "
expense,2025.08.31,컬리,," 183,546 "," 232,271 "
expense,2025.08.31,고봉민김밥,," 12,400 "," 219,871 "
income,2025.09.01,월급," 4,000,000 ",," 4,219,871 "
expense,2025.09.01,지에스(GS)25 ,," 9,800 "," 4,210,071 "
expense,2025.09.01,쿠팡,," 40,610 "," 4,169,461 "
expense,2025.09.02,(주)비브로스,," 1,100 "," 4,168,361 "
expense,2025.09.03,삼천리도시가스,," 13,890 "," 4,154,471 "
expense,2025.09.03,크린토피아,," 3,720 "," 4,150,751 "
expense,2025.09.03,주식회사 카카오,," 27,540 "," 4,123,211 "
expense,2025.09.03,씨유(CU) 아주대성호관점,," 1,900 "," 4,121,311 "
expense,2025.09.03,쿠팡,," 42,050 "," 4,079,261 "
expense,2025.09.04,컬리,," 139,399 "," 3,939,862 "
expense,2025.09.05,청담에너지,," 50,000 "," 3,889,862 "
expense,2025.09.05,지에스(GS)25,," 2,800 "," 3,887,062 "
expense,2025.09.05,케이(K)브런치 레아,," 12,300 "," 3,874,762 "
expense,2025.09.05,하나로주차관리,, 500 ," 3,874,262 "
expense,2025.09.06,구글페이먼트코리아 유한회사,," 14,900 "," 3,859,362 "
expense,2025.09.06,(주) 영풍문고,," 15,800 "," 3,843,562 "
expense,2025.09.06,쿠팡,," 49,800 "," 3,793,762 "
expense,2025.09.06,주식회사 스타필드,," 70,000 "," 3,723,762 "
expense,2025.09.06,주식회사 아성다이소,," 7,000 "," 3,716,762 "
expense,2025.09.07,메가엠지씨커피,," 10,600 "," 3,706,162 "
expense,2025.09.08,네이버페이 네이버,," 5,500 "," 3,700,662 "
expense,2025.09.08,컬리페이_컬리,," 111,791 "," 3,588,871 "
expense,2025.09.09,컬리페이_컬리,," 108,238 "," 3,480,633 "
expense,2025.09.10,(주)교보문고,," 26,500 "," 3,454,133 "
expense,2025.09.10,마라공방,," 12,800 "," 3,441,333 "
expense,2025.09.10,마라공방,," 7,000 "," 3,434,333 "
expense,2025.09.11,통신료 08월,," 6,890 "," 3,427,443 "
expense,2025.09.11,통신료 08월,," 22,860 "," 3,404,583 "
expense,2025.09.12,쿠팡이츠,," 20,800 "," 3,383,783 "
expense,2025.09.12,쿠팡,," 32,340 "," 3,351,443 "
expense,2025.09.13,(주) 영풍문고,," 19,800 "," 3,331,643 "
expense,2025.09.13,(주) 영풍문고,," 28,000 "," 3,303,643 "
expense,2025.09.13,주식회사 스타필드,," 2,500 "," 3,301,143 "
expense,2025.09.13,주식회사 스타필드,," 2,500 "," 3,298,643 "
expense,2025.09.14,다이소,," 5,200 "," 3,293,443 "
expense,2025.09.14,견생냥품24시무인펫샵점,," 10,800 "," 3,282,643 "
expense,2025.09.14,지에스(GS)25 ,," 13,200 "," 3,269,443 "
expense,2025.09.14,컬리,," 133,761 "," 3,135,682 "
expense,2025.09.15,주식회사 카카오,," 16,900 "," 3,118,782 "
expense,2025.09.15,쿠팡이츠,," 19,000 "," 3,099,782 "
expense,2025.09.15,쿠팡이츠,," 19,000 "," 3,080,782 "
expense,2025.09.16,쿠팡,," 37,700 "," 3,043,082 "
expense,2025.09.17,견생냥품24시무인펫샵점,," 25,020 "," 3,018,062 "
expense,2025.09.17,지에스(GS)25 ,," 15,800 "," 3,002,262 "
expense,2025.09.19,컬리,," 130,000 "," 2,872,262 "
expense,2025.09.19,키즈스피치예소스,," 320,000 "," 2,552,262 "
expense,2025.09.19,마라공방,," 21,300 "," 2,530,962 "
expense,2025.09.21,쿠팡,," 33,500 "," 2,497,462 "
expense,2025.09.21,컬리,," 51,000 "," 2,446,462 "
expense,2025.09.23,하이파킹(주),," 3,500 "," 2,442,962 "
expense,2025.09.24,바로알림서비스 09월이용료,, 300 ," 2,442,662 "
expense,2025.09.24,아파트관리비_08월,," 307,310 "," 2,135,352 "
expense,2025.09.24,쿠팡,," 75,720 "," 2,059,632 "
expense,2025.09.25,컬리,," 145,439 "," 1,914,193 "
expense,2025.09.25,지에스(GS)25 ,," 17,500 "," 1,896,693 "
expense,2025.09.26,메가스터디교육(주),," 113,900 "," 1,782,793 "
expense,2025.09.26,주식회사 아성다이소,," 20,200 "," 1,762,593 "
expense,2025.09.26,미스터빠삭,," 21,000 "," 1,741,593 "
expense,2025.09.26,하나로주차관리,, 500 ," 1,741,093 "
expense,2025.09.27,고봉민김밥,," 9,600 "," 1,731,493 "
expense,2025.09.27,고봉민김밥,," 96,000 "," 1,635,493 "
expense,2025.09.27,쿠팡,," 20,700 "," 1,614,793 "
expense,2025.09.27,댕욕탕,," 55,000 "," 1,559,793 "
expense,2025.09.27,주식회사 아성다이소,," 31,500 "," 1,528,293 "
expense,2025.09.28,청담에너지,," 50,000 "," 1,478,293 "
expense,2025.09.28,쿠팡,," 57,820 "," 1,420,473 "
expense,2025.09.28,컬리,," 129,013 "," 1,291,460 "
expense,2025.09.29,(주)소노인터내셔널,," 424,000 "," 867,460 "
expense,2025.09.29,쿠팡(와우멤버십),," 7,890 "," 859,570 "
expense,2025.09.30,하이파킹(주),," 3,000 "," 856,570 "
income,2025.10.01,월급," 3,000,000 ",," 3,856,570 "
expense,2025.10.01,쿠팡,," 23,850 "," 3,832,720 "
expense,2025.10.02,(주)비브로스,," 1,100 "," 3,831,620 "
expense,2025.10.02,선물하기_카카오페,," 39,000 "," 3,792,620 "
expense,2025.10.03,고봉민김밥,," 24,000 "," 3,768,620 "
expense,2025.10.03,롯데쇼핑(주)롯데마트 ,," 20,890 "," 3,747,730 "
expense,2025.10.03,롯데쇼핑(주)타임 파스퇴르밀크바(특),," 4,500 "," 3,743,230 "
expense,2025.10.03,롯데쇼핑(주)롯데마트 ,," 131,260 "," 3,611,970 "
expense,2025.10.04,컬리,," 92,460 "," 3,519,510 "
expense,2025.10.05,메가엠지씨커피 ,," 3,400 "," 3,516,110 "
expense,2025.10.06,구글페이먼트코리아 유한회사,," 14,900 "," 3,501,210 "
expense,2025.10.06,쿠팡,," 21,300 "," 3,479,910 "
expense,2025.10.06,(주)소노스퀘어,," 10,900 "," 3,469,010 "
expense,2025.10.06,트래블마켓,," 40,000 "," 3,429,010 "
expense,2025.10.06,헤어슈슈,," 12,000 "," 3,417,010 "
expense,2025.10.06,교보문고,," 11,300 "," 3,405,710 "
expense,2025.10.07,(주)소노스퀘어,," 6,700 "," 3,399,010 "
expense,2025.10.07,쿠팡,," 25,000 "," 3,374,010 "
expense,2025.10.07,컬리,," 88,790 "," 3,285,220 "
expense,2025.10.09,갈비명가궁,," 254,700 "," 3,030,520 "
expense,2025.10.09,쿠팡,," 26,440 "," 3,004,080 "
expense,2025.10.10,아이사랑치과의원,," 7,300 "," 2,996,780 "
expense,2025.10.10,카사밀라 파크24,," 3,100 "," 2,993,680 "
expense,2025.10.10,주식회사 아성다이소,," 7,000 "," 2,986,680 "
expense,2025.10.10,지에스(GS)25,," 3,100 "," 2,983,580 "
expense,2025.10.11,백나예김밥,," 14,500 "," 2,969,080 "
expense,2025.10.12,컬리페이_컬리,," 199,000 "," 2,770,080 "
expense,2025.10.13,통신료 09월,," 13,800 "," 2,756,280 "
expense,2025.10.13,통신료 09월,," 45,730 "," 2,710,550 "
expense,2025.10.13,쿠팡,," 64,000 "," 2,646,550 "
expense,2025.10.13,주식회사 아성다이소,," 20,500 "," 2,626,050 "
expense,2025.10.13,지에스더프레시 ,," 21,340 "," 2,604,710 "
expense,2025.10.14,버거킹,," 20,000 "," 2,584,710 "
expense,2025.10.14,버거킹,," 5,000 "," 2,579,710 "
expense,2025.10.14,카사밀라 파크24,," 14,350 "," 2,565,360 "
expense,2025.10.16,쿠팡,," 25,810 "," 2,539,550 "
expense,2025.10.17,컬리,," 164,077 "," 2,375,473 "
expense,2025.10.17,지에스(GS)25,," 2,200 "," 2,373,273 "
expense,2025.10.18,이디야,," 4,500 "," 2,368,773 "
expense,2025.10.18,씨유(CU),," 4,500 "," 2,364,273 "
expense,2025.10.18,스시1290,," 23,660 "," 2,340,613 "
expense,2025.10.18,컬리페이_컬리,," 9,000 "," 2,331,613 "
expense,2025.10.20,유니클로 온라인 스토어,," 77,700 "," 2,253,913 "
expense,2025.10.20,쿠팡,," 60,690 "," 2,193,223 "
expense,2025.10.21,씨제이올리브영(주)점,," 10,900 "," 2,182,323 "
expense,2025.10.22,컬리페이_컬리,," 153,611 "," 2,028,712 "
expense,2025.10.23,쿠팡,," 10,670 "," 2,018,042 "
expense,2025.10.24,주식회사 아성다이소,," 4,000 "," 2,014,042 "
expense,2025.10.24,홈플러스(주),," 45,320 "," 1,968,722 "
expense,2025.10.24,키즈스피치예소스,," 320,000 "," 1,648,722 "
expense,2025.10.24,지에스(GS)25,," 5,200 "," 1,643,522 "
expense,2025.10.25,주식회사 민지콩,," 137,000 "," 1,506,522 "
expense,2025.10.25,주식회사 아성다이소,," 7,000 "," 1,499,522 "
expense,2025.10.25,스파크럽 백두산사우나,," 11,000 "," 1,488,522 "
expense,2025.10.25,견생냥품24시무인펫샵점,," 25,020 "," 1,463,502 "
expense,2025.10.26,메가스터디교육(주),," 113,900 "," 1,349,602 "
expense,2025.10.26,주식회사 스타필드,," 4,500 "," 1,345,102 "
expense,2025.10.26,주식회사 스타필드,," 12,200 "," 1,332,902 "
expense,2025.10.26,(주) 영풍문고,," 42,800 "," 1,290,102 "
expense,2025.10.26,(주) 영풍문고,," 12,000 "," 1,278,102 "
expense,2025.10.26,주식회사 스타필드,," 59,800 "," 1,218,302 "
expense,2025.10.26,주식회사 스타필드,," 14,000 "," 1,204,302 "
expense,2025.10.26,컬리페이_컬리,," 45,550 "," 1,158,752 "
expense,2025.10.27,아파트관리비_09월,," 219,660 "," 939,092 "
expense,2025.10.27,바로알림서비스 10월이용료,, 300 ," 938,792 "
expense,2025.10.27,무신사,," 40,420 "," 898,372 "
expense,2025.10.28,하이파킹(주),," 2,500 "," 895,872 "
expense,2025.10.28,에이치디현대오일뱅크(주)직영제일주유소,," 50,000 "," 845,872 "
expense,2025.10.29,쿠팡,," 117,000 "," 728,872 "
expense,2025.10.29,쿠팡(와우 멤버십),," 7,890 "," 720,982 "
expense,2025.10.30,컬리페이_컬리,," 206,527 "," 514,455 "
expense,2025.10.31,지에스(GS)25 ,," 10,400 "," 504,055 "
expense,2025.10.31,지에스(GS)25,, 700 ," 503,355 "
expense,2025.10.31,지에스(GS)25,," 1,800 "," 501,555 "
income,2025.11.01,월급," 3,000,000 ",," 3,501,555 "
expense,2025.11.01,컬리페이_컬리,," 46,870 "," 3,454,685 "
expense,2025.11.02,(주)비브로스,," 1,100 "," 3,453,585 "
expense,2025.11.03,신성통상㈜,," 47,915 "," 3,405,670 "
expense,2025.11.04,에덴동물병원,," 30,000 "," 3,375,670 "
expense,2025.11.05,컬리,," 155,010 "," 3,220,660 "
expense,2025.11.06,쿠팡,," 65,260 "," 3,155,400 "
expense,2025.11.06,구글페이먼트코리아 유한회사,," 14,900 "," 3,140,500 "
expense,2025.11.06,쿠팡이츠,," 50,925 "," 3,089,575 "
expense,2025.11.06,쿠팡,," 12,130 "," 3,077,445 "
expense,2025.11.07,주식회사 아성다이소,," 1,000 "," 3,076,445 "
expense,2025.11.07,홈플러스(주),," 16,160 "," 3,060,285 "
expense,2025.11.07,지에스(GS)25,," 6,900 "," 3,053,385 "
expense,2025.11.08,지에스더프레시 ,," 20,760 "," 3,032,625 "
expense,2025.11.08,쿠팡,," 57,250 "," 2,975,375 "
expense,2025.11.09,컬리,," 200,360 "," 2,775,015 "
expense,2025.11.09,쿠팡,," 53,360 "," 2,721,655 "
expense,2025.11.10,파리바게뜨 ,," 29,500 "," 2,692,155 "
expense,2025.11.11,통신료 10월,," 13,800 "," 2,678,355 "
expense,2025.11.11,통신료 10월,," 45,730 "," 2,632,625 "
expense,2025.11.13,Amazon_AWS,, 100 ," 2,632,525 "
expense,2025.11.13,Amazon_AWS,,-100 ," 2,632,625 "
expense,2025.11.14,컬리,," 200,841 "," 2,431,784 "
expense,2025.11.14,올리브영 수지타운,," 21,800 "," 2,409,984 "
expense,2025.11.14,주식회사 아성다이소,," 1,000 "," 2,408,984 "
expense,2025.11.14,지에스(GS)25,," 1,800 "," 2,407,184 "
expense,2025.11.15,댕욕탕,," 40,000 "," 2,367,184 "
expense,2025.11.16,아주홈마트,," 5,500 "," 2,361,684 "
expense,2025.11.17,쿠팡,," 78,300 "," 2,283,384 "
expense,2025.11.18,주식회사 아성다이소,," 16,000 "," 2,267,384 "
expense,2025.11.18,지에스(GS)25 ,," 3,200 "," 2,264,184 "
expense,2025.11.18,컬리,," 100,000 "," 2,164,184 "
expense,2025.11.20,지에스(GS)25 ,," 8,500 "," 2,155,684 "
expense,2025.11.21,컬리페이_컬리,," 201,788 "," 1,953,896 "
expense,2025.11.21,네이버페이 네이버,," 39,500 "," 1,914,396 "
expense,2025.11.21,네이버페이 네이버,," 48,250 "," 1,866,146 "
expense,2025.11.22,에덴동물병원,," 18,000 "," 1,848,146 "
expense,2025.11.23,스파크럽 백두산사우나,," 11,000 "," 1,837,146 "
expense,2025.11.23,쿠팡,," 37,120 "," 1,800,026 "
expense,2025.11.24,바로알림서비스 11월이용료,, 300 ," 1,799,726 "
expense,2025.11.24,쿠팡,," 44,110 "," 1,755,616 "
expense,2025.11.25,아파트관리비_10월,," 210,540 "," 1,545,076 "
expense,2025.11.26,메가스터디교육(주),," 113,900 "," 1,431,176 "
expense,2025.11.26,컬리페이_컬리,," 223,660 "," 1,207,516 "
expense,2025.11.27,케이티,," 80,000 "," 1,127,516 "
expense,2025.11.27,쿠팡,," 26,000 "," 1,101,516 "
expense,2025.11.27,(주)지비와이,," 24,800 "," 1,076,716 "
expense,2025.11.28,주식회사 아성다이소,," 13,700 "," 1,063,016 "
expense,2025.11.28,지에스(GS)25,," 1,700 "," 1,061,316 "
expense,2025.11.28,키즈스피치예소스,," 320,000 "," 741,316 "
expense,2025.11.28,지에스(GS)25,, 700 ," 740,616 "
expense,2025.11.29,쿠팡(와우 멤버십),," 7,890 "," 732,726 "
expense,2025.11.29,쿠팡(와우 멤버십),,"-7,890 "," 740,616 "
expense,2025.11.29,카카오페이,," 7,500 "," 733,116 "
expense,2025.11.29,아이사랑치과의원,," 153,200 "," 579,916 "
expense,2025.11.29,카사밀라 파크24,," 5,600 "," 574,316 "
expense,2025.11.29,지에스(GS)25 ,," 9,000 "," 565,316 "
expense,2025.11.29,쿠팡이츠,," 32,000 "," 533,316 "
expense,2025.11.29,고봉민김밥,," 96,000 "," 437,316 "
expense,2025.11.29,쿠팡,," 20,880 "," 416,436 "
expense,2025.11.30,컬리페이_컬리,," 123,220 "," 293,216 "
income,2025.12.01,월급," 3,000,000 ",," 3,293,216 "
expense,2025.12.02,하이파킹(주),,"5,000"," 3,288,216 "
expense,2025.12.02,쿠팡,,"6,900"," 3,281,316 "
expense,2025.12.02,지에스더프레시,,"21,400"," 3,259,916 "
expense,2025.12.02,컬리페이_컬리,,"13,200"," 3,246,716 "
expense,2025.12.02,(주)비브로스,,"1,100"," 3,245,616 "
expense,2025.12.03,삼천리도시가스,,"11,930"," 3,233,686 "
expense,2025.12.05,컬리,,"218,000"," 3,015,686 "
expense,2025.12.05,지에스(GS)25,,"3,100"," 3,012,586 "
expense,2025.12.05,착한필름수지,,"10,000"," 3,002,586 "
expense,2025.12.05,착한필름수지,,"5,000"," 2,997,586 "
expense,2025.12.05,(주)우아한형제들,,"51,000"," 2,946,586 "
expense,2025.12.05,씨유(CU),,"3,000"," 2,943,586 "
expense,2025.12.06,컬리페이_컬리,,"56,022"," 2,887,564 "
expense,2025.12.06,주식회사 아성다이소,,"12,000"," 2,875,564 "
expense,2025.12.06,에이치디현대오일뱅크(주)직영제일주유소,,"50,000"," 2,825,564 "
expense,2025.12.06,주식회사 아성다이소,,"11,000"," 2,814,564 "
expense,2025.12.06,구글페이먼트코리아 유한회사,,"14,900"," 2,799,664 "
expense,2025.12.07,티머니 개인택시_0,,"24,300"," 2,775,364 "
expense,2025.12.07,옥된장,,"39,000"," 2,736,364 "
expense,2025.12.08,컬리페이_컬리,,"64,820"," 2,671,544 "
expense,2025.12.10,주식회사 카카오,,"54,495"," 2,617,049 "
expense,2025.12.10,주식회사 카카오,,"-54,495"," 2,671,544 "
expense,2025.12.10,㈜ 하림펫푸드,,"9,600"," 2,661,944 "
expense,2025.12.11,SSG.COM,,"3,300"," 2,658,644 "
expense,2025.12.11,컬리,,"147,260"," 2,511,384 "
expense,2025.12.11,통신료 11월,,"45,730"," 2,465,654 "
expense,2025.12.11,통신료 11월,,"13,800"," 2,451,854 "
expense,2025.12.12,지에스(GS)25,,700," 2,451,154 "
expense,2025.12.13,네이버페이 네이버,,"32,000"," 2,419,154 "
expense,2025.12.13,컬리,,"40,480"," 2,378,674 "
expense,2025.12.13,다이소 ,,"13,000"," 2,365,674 "
expense,2025.12.13,씨유(CU),,"7,900"," 2,357,774 "
expense,2025.12.13,아이사랑치과의원,,"47,300"," 2,310,474 "
expense,2025.12.14,네이버페이 네이버,,"14,000"," 2,296,474 "
expense,2025.12.14,컬리페이_컬리,,"59,750"," 2,236,724 "
expense,2025.12.15,주식회사 카카오,,"29,000"," 2,207,724 "
expense,2025.12.15,(주)포렌코즈,,"24,605"," 2,183,119 "
expense,2025.12.17,네이버페이 네이버,,"11,000"," 2,172,119 "
expense,2025.12.17,컬리페이_컬리,,"198,283"," 1,973,836 "
expense,2025.12.17,롯데쇼핑(주),,"7,000"," 1,966,836 "
expense,2025.12.18,네이버페이 네이버,,"6,420"," 1,960,416 "
expense,2025.12.19,폴 바셋 롯데몰,,"4,300"," 1,956,116 "
expense,2025.12.19,롯데몰 탑텐키즈,,"62,800"," 1,893,316 "
expense,2025.12.19,롯데몰,,"249,500"," 1,643,816 "
expense,2025.12.19,주식회사 아성다이소,,"8,000"," 1,635,816 "
expense,2025.12.20,교보문고,,"21,900"," 1,613,916 "
expense,2025.12.21,씨유(CU),,"1,500"," 1,612,416 "
expense,2025.12.21,지에스(GS)25 매교푸르지오점,,"12,300"," 1,600,116 "
expense,2025.12.22,컬리,,"209,000"," 1,391,116 "
expense,2025.12.22,네이버페이 네이버,,"14,900"," 1,376,216 "
expense,2025.12.22,네이버페이 네이버,,"6,500"," 1,369,716 "
expense,2025.12.23,(주)엠에이치앤코,,"56,340"," 1,313,376 "
expense,2025.12.24,아파트관리비_11월,,"208,890"," 1,104,486 "
