type,date,description,income,expense,balance,Unnamed: 6
income,2025.01.01,월급,6000000,0,6000000,
expense,2025.01.02,(주)비브로스,0,1100,5998900,
expense,2025.01.02,중앙약국,0,4000,5994900,
expense,2025.01.02,백나예김밥,0,4000,5990900,
expense,2025.01.02,지에스(GS)25 ,0,6500,5984400,
expense,2025.01.03,백나예김밥,0,9000,5975400,
expense,2025.01.03,지에스(GS)25 ,0,1800,5973600,
expense,2025.01.03,윤선  B.  A.  T  (비에이,0,154000,5819600,
expense,2025.01.03,티머니 개인택시_0,0,6100,5813500,
expense,2025.01.03,이동의즐거움_택시_8,0,6500,5807000,
expense,2025.01.03,세광자동차정비공업사,0,250000,5557000,
expense,2025.01.03,컬리페이_컬리,0,109670,5447330,
expense,2025.01.03,쿠팡,0,15700,5431630,
expense,2025.01.04,메디365플러스의원,0,43600,5388030,
expense,2025.01.04,메디팜약국,0,8300,5379730,
expense,2025.01.04,아이파킹 주식회사,0,5000,5374730,
expense,2025.01.05,쿠팡,0,14500,5360230,
expense,2025.01.06,백나예김밥,0,5000,5355230,
expense,2025.01.06,지에스(GS)25 ,0,950,5354280,
expense,2025.01.06,구글페이먼트코리아 유한회사,0,14900,5339380,
expense,2025.01.06,컬리페이_컬리,0,88155,5251225,
expense,2025.01.07,조은이웃연세아주소아청소년과,0,288100,4963125,
expense,2025.01.07,조은이화약국,0,3800,4959325,
expense,2025.01.07,쿠팡,0,16700,4942625,
expense,2025.01.07,컬리페이_컬리,0,57395,4885230,
expense,2025.01.07,지에스더프레시 ,0,19650,4865580,
expense,2025.01.08,쿠팡,0,15900,4849680,
expense,2025.01.08,쿠팡,0,42000,4807680,
expense,2025.01.08,지에스(GS)25 ,0,500,4807180,
expense,2025.01.09,주식회사 아성다이소,0,6000,4801180,
expense,2025.01.09,고기백화점,0,9600,4791580,
expense,2025.01.09,고봉민김밥,0,96000,4695580,
expense,2025.01.09,지에스더프레시 ,0,28760,4666820,
expense,2025.01.09,(주)뉴코아,0,58000,4608820,
expense,2025.01.09,(주)뉴코아,0,22800,4586020,
expense,2025.01.09,(주)뉴코아엘르,0,10000,4576020,
expense,2025.01.09,(주)뉴코아엘레강스,0,69000,4507020,
expense,2025.01.09,(주)뉴코아공산식품,0,7780,4499240,
expense,2025.01.10,쿠팡,0,25970,4473270,
expense,2025.01.10,주식회사 아성다이소,0,8500,4464770,
expense,2025.01.10,고기백화점,0,16500,4448270,
expense,2025.01.10,지에스더프레시 ,0,47820,4400450,
expense,2025.01.11,삼성화재해상보험(주)-앱카드용,0,16760,4383690,
expense,2025.01.11,쿠팡,0,25500,4358190,
expense,2025.01.11,쿠팡,0,48600,4309590,
expense,2025.01.12,고기백화점,0,30500,4279090,
expense,2025.01.12,컬리페이_컬리,0,84180,4194910,
expense,2025.01.13,통신료 12월 - 334658,0,17670,4177240,
expense,2025.01.13,통신료 12월 - 204658,0,63000,4114240,
expense,2025.01.13,(주) 아트박스,0,76900,4037340,
expense,2025.01.14,지에스더프레시 ,0,35120,4002220,
expense,2025.01.15,네트웍스(주)워커힐인천공항,0,21447,3980773,
expense,2025.01.15,네트웍스(주)워커힐인천공항,0,34000,3946773,
expense,2025.01.15,던킨도너츠 인천공항1호,0,2500,3944273,
expense,2025.01.18,인천국제공항공사,0,36000,3908273,
expense,2025.01.18,지에스(GS)25 ,0,8800,3899473,
expense,2025.01.19,지에스(GS)25 ,0,4400,3895073,
expense,2025.01.20,지에스더프레시 ,0,61670,3833403,
expense,2025.01.21,바로알림서비스 01월이용료,0,300,3833103,
expense,2025.01.21,아파트관리비_12월,0,237240,3595863,
expense,2025.01.21,다이소,0,5000,3590863,
expense,2025.01.21,동양주차장,0,2000,3588863,
expense,2025.01.21,지에스더프레시 ,0,46380,3542483,
expense,2025.01.21,쿠팡,0,13000,3529483,
expense,2025.01.22,동우공영(주),0,3500,3525983,
expense,2025.01.22,주식회사 놀유니버스,0,456637,3069346,
expense,2025.01.22,백억커피,0,4900,3064446,
expense,2025.01.22,지에스더프레시 ,0,32340,3032106,
expense,2025.01.23,주식회사 아성다이소,0,4000,3028106,
expense,2025.01.23,고기백화점,0,25200,3002906,
expense,2025.01.23,푸른약국,0,3000,2999906,
expense,2025.01.23,컬리페이_컬리,0,130000,2869906,
expense,2025.01.23,쿠팡,0,37000,2832906,
expense,2025.01.23,네이버페이 네이버,0,50000,2782906,
expense,2025.01.24,주식회사 스타필드하남,0,56000,2726906,
expense,2025.01.24,주식회사 스타필드하남,0,4500,2722406,
expense,2025.01.24,주식회사 스타필드하남,0,8400,2714006,
expense,2025.01.24,이마트24 스타필드하남2호점,0,1200,2712806,
expense,2025.01.25,네이버페이 네이버클라우드 주식,0,55000,2657806,
expense,2025.01.25,(주)뉴코아,0,123000,2534806,
expense,2025.01.25,(주)뉴코아,0,25900,2508906,
expense,2025.01.25,(주)뉴코아모던  특,0,34500,2474406,
expense,2025.01.25,지에스(GS)25,0,5900,2468506,
expense,2025.01.25,온담마켓,0,8500,2460006,
expense,2025.01.25,지에스더프레시 ,0,80290,2379716,
expense,2025.01.26,메가스터디교육(주),0,113900,2265816,
expense,2025.01.28,게이트뱅크 주식회사,0,2000,2263816,
expense,2025.01.28,세인트존스호텔,0,62000,2201816,
expense,2025.01.28,세븐일레븐강릉세인트존스점,0,15800,2186016,
expense,2025.01.29,쿠팡(와우 멤버십),0,7890,2178126,
expense,2025.01.29,346커피스토리,0,24800,2153326,
expense,2025.01.29,네이버페이 네이버,0,44000,2109326,
expense,2025.01.29,아쿠아리움 경포,0,19000,2090326,
expense,2025.01.29,네이버페이 네이버,0,31000,2059326,
expense,2025.01.29,영진항,0,104000,1955326,
expense,2025.01.29,세븐일레븐강릉세인트존스점,0,10900,1944426,
expense,2025.01.29,아이쭈,0,3900,1940526,
expense,2025.01.30,강릉전복해물뚝배기,0,60000,1880526,
expense,2025.01.30,지에스(GS)25 ,0,8000,1872526,
expense,2025.01.30,쿠팡,0,59070,1813456,
expense,2025.01.31,컬리페이_컬리,0,130000,1683456,
expense,2025.01.31,코리아세븐 ,0,7800,1675656,
income,2025.02.01,월급,4000000,0,5675656,
expense,2025.02.01,이동의즐거움_택시_0,0,37400,5638256,
expense,2025.02.01,롯데마트(매장),0,6730,5631526,
expense,2025.02.01,호반프라퍼티(주) 아브뉴프랑,0,1400,5630126,
expense,2025.02.01,교보문고,0,64900,5565226,
expense,2025.02.01,(주)교보문고,0,16500,5548726,
expense,2025.02.01,쿠팡,0,9760,5538966,
expense,2025.02.01,쿠팡,0,18830,5520136,
expense,2025.02.02,(주)비브로스,0,1100,5519036,
expense,2025.02.03,(주)뉴코아모던  특,0,101300,5417736,
expense,2025.02.03,(주)뉴코아청과,0,53020,5364716,
expense,2025.02.04,쿠팡,0,6000,5358716,
expense,2025.02.04,컬리페이_컬리,0,131549,5227167,
expense,2025.02.05,쿠팡,0,270810,4956357,
expense,2025.02.05,예소스스피치,0,400000,4556357,
expense,2025.02.05,태남프라자관리단,0,1000,4555357,
expense,2025.02.05,(주)우아한형제들,0,29700,4525657,
expense,2025.02.06,쿠팡,0,16800,4508857,
expense,2025.02.06,지에스(GS)25 ,0,4400,4504457,
expense,2025.02.06,구글페이먼트코리아 유한회사,0,14900,4489557,
expense,2025.02.07,네이버페이 네이버,0,30400,4459157,
expense,2025.02.07,라이프스포츠 주식회사,0,5000,4454157,
expense,2025.02.07,"라이프HM 수영용품, 수영강습",0,1000,4453157,
expense,2025.02.07,컬리페이_컬리,0,137000,4316157,
expense,2025.02.09,쿠팡,0,28490,4287667,
expense,2025.02.10,롯데쇼핑(주)롯데마트 ,0,15900,4271767,
expense,2025.02.10,롯데쇼핑(주)롯데마트 ,0,65220,4206547,
expense,2025.02.10,지에스더프레시 ,0,10330,4196217,
expense,2025.02.10,쿠팡,0,13500,4182717,
expense,2025.02.11,통신료 01월 - 334658,0,15930,4166787,
expense,2025.02.11,통신료 01월 - 204658,0,63330,4103457,
expense,2025.02.11,네이버페이 네이버,0,30400,4073057,
expense,2025.02.12,(주)올리브홀딩스,0,3300,4069757,
expense,2025.02.12,하이파킹(주),0,4500,4065257,
expense,2025.02.12,에이치디현대오일뱅크(주)직영지알씨주유소,0,50000,4015257,
expense,2025.02.12,컬리페이_컬리,0,141723,3873534,
expense,2025.02.13,(주)우아한형제들,0,22000,3851534,
expense,2025.02.13,쿠팡,0,39600,3811934,
expense,2025.02.14,네이버페이 네이버,0,30400,3781534,
expense,2025.02.14,라이프스포츠 주식회사,0,5000,3776534,
expense,2025.02.14,일렉트로마트스타필드점,0,15900,3760634,
expense,2025.02.14,주식회사 스타필드,0,5000,3755634,
expense,2025.02.15,(주)우아한형제들,0,19500,3736134,
expense,2025.02.15,고기백화점,0,20000,3716134,
expense,2025.02.16,다이소,0,8000,3708134,
expense,2025.02.16,쿠팡,0,94810,3613324,
expense,2025.02.16,주식회사 스타필드,0,4000,3609324,
expense,2025.02.16,롯데쇼핑(주)타임 파스퇴르밀크바(특),0,4500,3604824,
expense,2025.02.16,롯데쇼핑(주)타임 풍원장미역국정찬(자,0,55000,3549824,
expense,2025.02.16,롯데쇼핑(주)롯데마트 ,0,11900,3537924,
expense,2025.02.16,컬리페이_컬리,0,150705,3387219,
expense,2025.02.17,이케아기흥점 (레스토랑),0,17900,3369319,
expense,2025.02.17,이케아코리아 유한회사 기흥지점,0,27700,3341619,
expense,2025.02.17,이케아기흥점(비스트로고객),0,700,3340919,
expense,2025.02.17,(주)뉴코아모던  특,0,26700,3314219,
expense,2025.02.18,쿠팡,0,7000,3307219,
expense,2025.02.18,지에스(GS)25 ,0,2200,3305019,
expense,2025.02.19,(주)올리브홀딩스,0,1500,3303519,
expense,2025.02.19,하이파킹(주),0,4000,3299519,
expense,2025.02.20,롯데쇼핑(주)롯데마트 ,0,107920,3191599,
expense,2025.02.20,쿠팡,0,9900,3181699,
expense,2025.02.21,주식회사제이스버디,0,20410,3161289,
expense,2025.02.21,네이버페이 네이버,0,37000,3124289,
expense,2025.02.21,꿈꾸는 라운지,0,15000,3109289,
expense,2025.02.21,주식회사 동탄문화복합개발,0,4500,3104789,
expense,2025.02.21,G마켓(1566-5701),0,14400,3090389,
expense,2025.02.21,지에스더프레시 ,0,12060,3078329,
expense,2025.02.22,쿠팡,0,25000,3053329,
expense,2025.02.22,네이버페이 네이버,0,16000,3037329,
expense,2025.02.22,(주)우아한형제들,0,35000,3002329,
expense,2025.02.22,주식회사 컬리페이,0,130000,2872329,
expense,2025.02.22,쿠팡,0,1600,2870729,
expense,2025.02.23,쿠팡,0,2780,2867949,
expense,2025.02.24,아파트관리비_01월,0,261990,2605959,
expense,2025.02.24,바로알림서비스 02월이용료,0,300,2605659,
expense,2025.02.24,지에스더프레시 ,0,4980,2600679,
expense,2025.02.25,쿠팡,0,68000,2532679,
expense,2025.02.25,시청,0,4000,2528679,
expense,2025.02.26,메가스터디교육(주),0,113900,2414779,
expense,2025.02.26,청담에너지,0,50000,2364779,
expense,2025.02.26,다이소,0,3000,2361779,
expense,2025.02.26,동양주차장,0,3000,2358779,
expense,2025.02.26,지에스더프레시 ,0,16080,2342699,
expense,2025.02.26,주식회사 카카오스타일,0,5720,2336979,
expense,2025.02.26,컬리페이_컬리,0,180000,2156979,
expense,2025.02.27,쿠팡,0,34000,2122979,
expense,2025.02.27,(주)뉴코아모던  특,0,77000,2045979,
expense,2025.02.27,(주)뉴코아,0,39800,2006179,
expense,2025.02.28,쿠팡(와우 멤버십),0,7890,1998289,
expense,2025.02.28,주식회사 아성다이소,0,6000,1992289,
expense,2025.02.28,파리바게뜨 ,0,3900,1988389,
expense,2025.02.28,지에스더프레시 ,0,4980,1983409,
expense,2025.02.28,(주)우아한형제들,0,19000,1964409,
expense,2025.02.28,쿠팡,0,5500,1958909,
income,2025.03.01,월급,4000000,0,5958909,
expense,2025.03.01,(주)코앤컴,0,23000,5935909,
expense,2025.03.02,(주)비브로스,0,1100,5934809,
expense,2025.03.02,쿠팡,0,23900,5910909,
expense,2025.03.03,캣플동탄점,0,38000,5872909,
expense,2025.03.03,캣플동탄점,0,3000,5869909,
expense,2025.03.03,(주)다이닝원 동탄직영점,0,49800,5820109,
expense,2025.03.03,꿈꾸는 라운지,0,18400,5801709,
expense,2025.03.03,나이스인프라 주식회사,0,9500,5792209,
expense,2025.03.04,삼천리도시가스,0,12870,5779339,
expense,2025.03.04,지에스(GS)25 ,0,2200,5777139,
expense,2025.03.04,주식회사 카카오,0,30000,5747139,
expense,2025.03.04,지에스더프레시 ,0,21540,5725599,
expense,2025.03.05,동양주차장,0,1500,5724099,
expense,2025.03.06,시청,0,3000,5721099,
expense,2025.03.06,구글페이먼트코리아 유한회사,0,14900,5706199,
expense,2025.03.07,쿠팡,0,34000,5672199,
expense,2025.03.07,롯데쇼핑(주)롯데마트 ,0,157920,5514279,
expense,2025.03.08,요기요_위대한상상,0,39700,5474579,
expense,2025.03.08,집현전정보센타,0,132000,5342579,
expense,2025.03.08,쿠팡,0,58860,5283719,
expense,2025.03.08,주식회사 스타필드,0,64000,5219719,
expense,2025.03.08,주식회사 스타필드,0,30800,5188919,
expense,2025.03.08,주식회사 아성다이소,0,6000,5182919,
expense,2025.03.08,쿠팡,0,3590,5179329,
expense,2025.03.09,(주)우아한형제들,0,37000,5142329,
expense,2025.03.09,쿠팡,0,34470,5107859,
expense,2025.03.10,하이파킹(주),0,7500,5100359,
expense,2025.03.10,주식회사 스타필드,0,181650,4918709,
expense,2025.03.10,지에스더프레시 ,0,17140,4901569,
expense,2025.03.11,통신료 02월 - 334658,0,13800,4887769,
expense,2025.03.11,통신료 02월 - 204658,0,63000,4824769,
expense,2025.03.11,주식회사 아성다이소,0,11000,4813769,
expense,2025.03.11,컬리페이_컬리,0,156921,4656848,
expense,2025.03.12,모모스테이크,0,50500,4606348,
expense,2025.03.13,시청,0,4000,4602348,
expense,2025.03.13,컬리,0,27000,4575348,
expense,2025.03.14,백나예김밥,0,25000,4550348,
expense,2025.03.15,쿠팡,0,35270,4515078,
expense,2025.03.15,주식회사 스타필드,0,14100,4500978,
expense,2025.03.15,주식회사 스타필드,0,19000,4481978,
expense,2025.03.15,주식회사 스타필드,0,16000,4465978,
expense,2025.03.15,주식회사 스타필드,0,16640,4449338,
expense,2025.03.15,쿠팡,0,40920,4408418,
expense,2025.03.16,에이치디현대오일뱅크(주)직영제일주유소,0,50000,4358418,
expense,2025.03.16,지에스더프레시 ,0,32010,4326408,
expense,2025.03.16,쿠팡,0,33900,4292508,
expense,2025.03.18,쿠팡,0,78000,4214508,
expense,2025.03.18,컬리페이_컬리,0,42000,4172508,
expense,2025.03.18,쿠팡,0,14900,4157608,
expense,2025.03.19,쿠팡,0,156220,4001388,
expense,2025.03.19,고고삼겹,0,42500,3958888,
expense,2025.03.19,고고삼겹,0,1500,3957388,
expense,2025.03.19,고고삼겹,0,7800,3949588,
expense,2025.03.19,하이파킹(주),0,7000,3942588,
expense,2025.03.20,주식회사 아성다이소,0,11000,3931588,
expense,2025.03.20,고기백화점,0,18100,3913488,
expense,2025.03.20,지에스더프레시 ,0,4980,3908508,
expense,2025.03.21,쿠팡,0,32000,3876508,
expense,2025.03.21,이케아코리아 유한회사 기흥지점,0,21800,3854708,
expense,2025.03.21,컬리페이_컬리,0,101238,3753470,
expense,2025.03.21,고봉민김밥,0,96000,3657470,
expense,2025.03.21,주식회사 아성다이소,0,4000,3653470,
expense,2025.03.21,지에스더프레시 ,0,8320,3645150,
expense,2025.03.22,쿠팡,0,25480,3619670,
expense,2025.03.22,쿠팡,0,12890,3606780,
expense,2025.03.22,주식회사 스타필드,0,10200,3596580,
expense,2025.03.22,주식회사 스타필드,0,74000,3522580,
expense,2025.03.22,(주) 영풍문고,0,22800,3499780,
expense,2025.03.22,(주) 영풍문고,0,36500,3463280,
expense,2025.03.22,컬리페이_컬리,0,85436,3377844,
expense,2025.03.24,지에스더프레시 ,0,13950,3363894,
expense,2025.03.24,지에스더프레시 ,0,5340,3358554,
expense,2025.03.24,쿠팡,0,39810,3318744,
expense,2025.03.25,바로알림서비스 03월이용료,0,300,3318444,
expense,2025.03.25,아파트관리비_02월,0,302620,3015824,
expense,2025.03.25,컬리페이_컬리,0,91130,2924694,
expense,2025.03.25,지에스더프레시 ,0,26840,2897854,
expense,2025.03.25,고기백화점,0,12400,2885454,
expense,2025.03.25,(주)우아한형제들,0,37000,2848454,
expense,2025.03.25,쿠팡,0,398610,2449844,
expense,2025.03.26,지에스더프레시 ,0,20830,2429014,
expense,2025.03.26,메가스터디교육(주),0,113900,2315114,
expense,2025.03.26,가치있는밥상,0,35000,2280114,
expense,2025.03.26,하이파킹(주),0,7000,2273114,
expense,2025.03.26,지에스(GS)25 ,0,6000,2267114,
expense,2025.03.27,고기백화점,0,27800,2239314,
expense,2025.03.27,컬리페이_컬리,0,91000,2148314,
expense,2025.03.28,크린토피아,0,26800,2121514,
expense,2025.03.28,주식회사 아성다이소,0,16000,2105514,
expense,2025.03.29,쿠팡(와우 멤버십),0,7890,2097624,
expense,2025.03.29,(유)아웃백스테이크하우스코리아스타필드점,0,100555,1997069,
expense,2025.03.29,반다이남코코리아 스타필드점,0,4000,1993069,
expense,2025.03.29,주식회사 스타필드,0,10900,1982169,
expense,2025.03.29,주식회사 아성다이소,0,7000,1975169,
expense,2025.03.30,주식회사 스타필드,0,15400,1959769,
expense,2025.03.30,주식회사 아성다이소,0,3000,1956769,
expense,2025.03.30,컬리,0,91169,1865600,
expense,2025.03.31,쿠팡,0,76000,1789600,
expense,2025.03.31,시청,0,6000,1783600,
expense,2025.03.31,지에스(GS)25 ,0,10700,1772900,
income,2025.04.01,월급,4000000,0,5772900,
expense,2025.04.01,파리바게뜨 ,0,3500,5769400,
expense,2025.04.01,지에스더프레시 ,0,37400,5732000,
expense,2025.04.01,지에스(GS)25 ,0,7200,5724800,
expense,2025.04.02,(주)비브로스,0,1100,5723700,
expense,2025.04.02,고기백화점,0,6500,5717200,
expense,2025.04.02,하이파킹(주),0,4000,5713200,
expense,2025.04.03,월드컵주유소,0,50000,5663200,
expense,2025.04.04,컬리,0,94140,5569060,
expense,2025.04.04,이마트24 아주대원룸점,0,13000,5556060,
expense,2025.04.04,(주)뉴코아모던  특,0,21300,5534760,
expense,2025.04.04,지에스(GS)25 ,0,19180,5515580,
expense,2025.04.05,주식회사 카카오,0,34000,5481580,
expense,2025.04.05,쿠팡,0,62490,5419090,
expense,2025.04.05,스시1290,0,32110,5386980,
expense,2025.04.05,주식회사 아성다이소,0,15000,5371980,
expense,2025.04.05,지에스(GS)25 ,0,1800,5370180,
expense,2025.04.06,구글페이먼트코리아 유한회사,0,14900,5355280,
expense,2025.04.06,뚜레쥬르,0,33000,5322280,
expense,2025.04.07,지에스(GS)25 ,0,4000,5318280,
expense,2025.04.08,쿠팡,0,15900,5302380,
expense,2025.04.08,지에스더프레시 ,0,58270,5244110,
expense,2025.04.08,주식회사 카카오,0,34000,5210110,
expense,2025.04.08,쿠팡,0,10300,5199810,
expense,2025.04.08,지에스(GS)25 ,0,1800,5198010,
expense,2025.04.09,스파렉스,0,12000,5186010,
expense,2025.04.10,주식회사 아성다이소,0,11000,5175010,
expense,2025.04.10,지에스더프레시 ,0,10340,5164670,
expense,2025.04.10,지에스더프레시 ,0,5480,5159190,
expense,2025.04.10,(주)코앤컴,0,25200,5133990,
expense,2025.04.10,쿠팡,0,5000,5128990,
expense,2025.04.10,쿠팡,0,14530,5114460,
expense,2025.04.10,컬리페이_컬리,0,67738,5046722,
expense,2025.04.11,통신료 03월 - 204658,0,63000,4983722,
expense,2025.04.11,통신료 03월 - 334658,0,13800,4969922,
expense,2025.04.11,지에스더프레시 ,0,6980,4962942,
expense,2025.04.11,씨유(CU) ,0,10700,4952242,
expense,2025.04.11,다이소,0,4000,4948242,
expense,2025.04.12,생활맥주,0,24500,4923742,
expense,2025.04.12,컬리페이_컬리,0,93529,4830213,
expense,2025.04.15,쿠팡,0,16650,4813563,
expense,2025.04.16,아이닉,0,104000,4709563,
expense,2025.04.16,고기백화점,0,16400,4693163,
expense,2025.04.16,지에스더프레시 ,0,11460,4681703,
expense,2025.04.17,고봉민김밥,0,13100,4668603,
expense,2025.04.17,지에스더프레시 ,0,5460,4663143,
expense,2025.04.17,쿠팡,0,49710,4613433,
expense,2025.04.17,컬리,0,65748,4547685,
expense,2025.04.17,쿠팡,0,23820,4523865,
expense,2025.04.17,쿠팡,0,14220,4509645,
expense,2025.04.17,쿠팡,0,23000,4486645,
expense,2025.04.18,(주)뉴코아,0,39900,4446745,
expense,2025.04.18,(주)뉴코아,0,10900,4435845,
expense,2025.04.18,컬리페이_컬리,0,127000,4308845,
expense,2025.04.18,지에스(GS)25 ,0,2200,4306645,
expense,2025.04.19,주식회사 스타필드,0,7600,4299045,
expense,2025.04.19,주식회사 스타필드,0,2500,4296545,
expense,2025.04.19,(주) 영풍문고,0,24900,4271645,
expense,2025.04.19,주식회사 스타필드,0,8500,4263145,
expense,2025.04.20,하이파킹(주),0,2500,4260645,
expense,2025.04.20,지에스더프레시 ,0,33040,4227605,
expense,2025.04.20,쿠팡,0,35030,4192575,
expense,2025.04.21,주식회사 아성다이소,0,5000,4187575,
expense,2025.04.21,지에스더프레시 ,0,3980,4183595,
expense,2025.04.21,쿠팡,0,83540,4100055,
expense,2025.04.21,쿠팡,0,13280,4086775,
expense,2025.04.22,쿠팡,0,114820,3971955,
expense,2025.04.22,(주)우아한형제들,0,36600,3935355,
expense,2025.04.22,컬리페이_컬리,0,91000,3844355,
expense,2025.04.24,아파트관리비_03월,0,276600,3567755,
expense,2025.04.24,바로알림서비스 04월이용료,0,300,3567455,
expense,2025.04.24,(주)케이에이씨,0,395000,3172455,
expense,2025.04.25,키즈스피치예소스,0,320000,2852455,
expense,2025.04.25,아이파킹 주식회사,0,1200,2851255,
expense,2025.04.25,착한애견분양강아지,0,950000,1901255,
expense,2025.04.25,고봉민김밥,0,17900,1883355,
expense,2025.04.25,지에스더프레시 ,0,6720,1876635,
expense,2025.04.25,쿠팡,0,13000,1863635,
expense,2025.04.26,메가스터디교육(주),0,113900,1749735,
expense,2025.04.29,쿠팡(와우 멤버십),0,7890,1741845,
expense,2025.04.29,아이사랑치과의원,0,92100,1649745,
expense,2025.04.29,카사밀라 파크24,0,6850,1642895,
expense,2025.04.29,컬리페이_컬리,0,77597,1565298,
expense,2025.04.30,(주)우아한형제들,0,61900,1503398,
expense,2025.04.30,하이파킹(주),0,6000,1497398,
expense,2025.04.30,에이치디현대오일뱅크(주)직영제일주유소,0,50000,1447398,
income,2025.05.01,월급,4000000,0,5447398,
expense,2025.05.01,쿠팡,0,8360,5439038,
expense,2025.05.01,쿠팡,0,43200,5395838,
expense,2025.05.01,지에스(GS)25 ,0,6000,5389838,
expense,2025.05.02,(주)비브로스,0,1100,5388738,
expense,2025.05.02,세븐일레븐,0,1700,5387038,
expense,2025.05.02,케이(K)브런치 레아,0,11500,5375538,
expense,2025.05.02,퍼니랜드,0,1000,5374538,
expense,2025.05.02,아이파킹 주식회사,0,2700,5371838,
expense,2025.05.02,컬리,0,161631,5210207,
expense,2025.05.03,쿠팡,0,73830,5136377,
expense,2025.05.04,카카오페이,0,7500,5128877,
expense,2025.05.05,지에스(GS)25 ,0,5300,5123577,
expense,2025.05.06,구글페이먼트코리아 유한회사,0,14900,5108677,
expense,2025.05.06,갈비명가궁,0,126400,4982277,
expense,2025.05.06,주식회사 아성다이소,0,10000,4972277,
expense,2025.05.07,에덴동물병원,0,35000,4937277,
expense,2025.05.07,견생냥품24시무인펫샵점,0,10700,4926577,
expense,2025.05.07,지에스더프레시 ,0,9040,4917537,
expense,2025.05.07,하이파킹(주),0,6000,4911537,
expense,2025.05.07,쿠팡,0,76649,4834888,
expense,2025.05.08,지에스더프레시 ,0,19160,4815728,
expense,2025.05.09,주식회사 카카오,0,30000,4785728,
expense,2025.05.09,케이(K)브런치 레아,0,13000,4772728,
expense,2025.05.09,퍼니랜드,0,1000,4771728,
expense,2025.05.09,아이파킹 주식회사,0,3000,4768728,
expense,2025.05.09,쿠팡,0,70980,4697748,
expense,2025.05.09,쿠팡,0,5300,4692448,
expense,2025.05.10,컬리페이_컬리,0,156881,4535567,
expense,2025.05.11,하이파킹(주),0,2000,4533567,
expense,2025.05.11,쿠팡,0,17880,4515687,
expense,2025.05.12,통신료 04월 - 204658,0,63000,4452687,
expense,2025.05.12,통신료 04월 - 334658,0,13800,4438887,
expense,2025.05.12,컬리,0,77890,4360997,
expense,2025.05.13,주식회사 아성다이소,0,11000,4349997,
expense,2025.05.13,쿠팡,0,11400,4338597,
expense,2025.05.14,네이버페이 네이버,0,2000,4336597,
expense,2025.05.14,하이파킹(주),0,5500,4331097,
expense,2025.05.14,쿠팡,0,13830,4317267,
expense,2025.05.14,주식회사 아성다이소,0,1000,4316267,
expense,2025.05.16,이솝베이커리,0,15000,4301267,
expense,2025.05.16,씨유(CU),0,2500,4298767,
expense,2025.05.17,(유)아웃백스테이크하우스코리아타임빌라스점,0,100130,4198637,
expense,2025.05.17,롯데쇼핑(주)타임 파스퇴르밀크바(특),0,4500,4194137,
expense,2025.05.17,롯데쇼핑(주)타임 나이키,0,129000,4065137,
expense,2025.05.17,롯데쇼핑(주)타임 크록스,0,79900,3985237,
expense,2025.05.17,주식회사 하양,0,1000,3984237,
expense,2025.05.17,(주)우아한형제들,0,28500,3955737,
expense,2025.05.17,컬리,0,125000,3830737,
expense,2025.05.18,하이파킹(주),0,2000,3828737,
expense,2025.05.19,쿠팡,0,38620,3790117,
expense,2025.05.19,쿠팡,0,347690,3442427,
expense,2025.05.20,쿠팡,0,10500,3431927,
expense,2025.05.20,쿠팡,0,10350,3421577,
expense,2025.05.21,하이파킹(주),0,6500,3415077,
expense,2025.05.21,컬리,0,25000,3390077,
expense,2025.05.23,씨유(CU),0,2500,3387577,
expense,2025.05.23,주식회사 아성다이소,0,3000,3384577,
expense,2025.05.23,케이(K)브런치 레아,0,12300,3372277,
expense,2025.05.23,퍼니랜드,0,1000,3371277,
expense,2025.05.23,아이파킹 주식회사,0,2700,3368577,
expense,2025.05.23,(주)우아한형제들,0,39000,3329577,
expense,2025.05.23,쿠팡,0,50160,3279417,
expense,2025.05.24,지에스(GS)25 ,0,13100,3266317,
expense,2025.05.24,주식회사 아성다이소,0,8000,3258317,
expense,2025.05.24,고기백화점,0,25900,3232417,
expense,2025.05.24,컬리,0,214991,3017426,
expense,2025.05.25,하이파킹(주),0,2500,3014926,
expense,2025.05.25,지에스(GS)25 ,0,5500,3009426,
expense,2025.05.26,바로알림서비스 05월이용료,0,300,3009126,
expense,2025.05.26,메가스터디교육(주),0,113900,2895226,
expense,2025.05.26,에덴동물병원,0,35000,2860226,
expense,2025.05.26,지에스(GS)25 ,0,1700,2858526,
expense,2025.05.27,아파트관리비_04월,0,288510,2570016,
expense,2025.05.27,네이버페이 네이버,0,16000,2554016,
expense,2025.05.27,컬리페이_컬리,0,87004,2467012,
expense,2025.05.27,쿠팡,0,59850,2407162,
expense,2025.05.27,네이버페이 네이버,0,22800,2384362,
expense,2025.05.27,쿠팡,0,4960,2379402,
expense,2025.05.28,아주대학교의료원,0,3500,2375902,
expense,2025.05.29,쿠팡(와우멤버십),0,7890,2368012,
expense,2025.05.29,지에스(GS)25 ,0,10000,2358012,
expense,2025.05.30,씨유(CU),0,4800,2353212,
expense,2025.05.30,동문B주유소,0,50000,2303212,
expense,2025.05.30,스타벅스코리아,0,800,2302412,
expense,2025.05.30,키즈스피치예소스,0,320000,1982412,
expense,2025.05.30,케이(K)브런치 레아,0,18000,1964412,
expense,2025.05.30,퍼니랜드,0,1000,1963412,
expense,2025.05.30,퍼니랜드,0,1000,1962412,
expense,2025.05.30,아이파킹 주식회사,0,2700,1959712,
expense,2025.05.30,주식회사 카카오,0,2000,1957712,
expense,2025.05.31,주식회사 카카오,0,2000,1955712,
expense,2025.05.31,쿠팡,0,60700,1895012,
expense,2025.05.31,고봉민김밥,0,91000,1804012,
expense,2025.05.31,주식회사 아성다이소,0,8000,1796012,
expense,2025.05.31,지에스더프레시 ,0,26360,1769652,
expense,2025.05.31,쿠팡,0,18000,1751652,
income,2025.06.01,월급,3000000,0,4751652,
expense,2025.06.02,삼천리도시가스,0,15990,4735662,
expense,2025.06.02,(주)비브로스,0,1100,4734562,
expense,2025.06.02,컬리페이_컬리,0,144480,4590082,
expense,2025.06.02,쿠팡,0,20590,4569492,
expense,2025.06.02,쿠팡,0,-8990,4578482,
expense,2025.06.03,주식회사 아성다이소,0,10000,4568482,
expense,2025.06.03,컬리페이_컬리,0,69776,4498706,
expense,2025.06.04,지에스더프레시 ,0,2300,4496406,
expense,2025.06.05,이스트에스와이주식회사,0,46700,4449706,
expense,2025.06.05,컬리,0,99855,4349851,
expense,2025.06.06,(주)뉴코아,0,35900,4313951,
expense,2025.06.06,(주)뉴코아,0,39800,4274151,
expense,2025.06.06,(주)뉴코아모던  특,0,14650,4259501,
expense,2025.06.06,(주)뉴코아외식  식,0,21800,4237701,
expense,2025.06.06,구글페이먼트코리아 유한회사,0,14900,4222801,
expense,2025.06.07,쿠팡,0,84290,4138511,
expense,2025.06.07,쿠팡,0,4830,4133681,
expense,2025.06.07,쿠팡,0,19700,4113981,
expense,2025.06.08,하이파킹(주),0,2000,4111981,
expense,2025.06.08,쿠팡,0,16970,4095011,
expense,2025.06.09,이케아기흥점 (레스토랑),0,4400,4090611,
expense,2025.06.09,이케아코리아 유한회사 기흥지점,0,93100,3997511,
expense,2025.06.09,이케아기흥점(비스트로고객),0,45400,3952111,
expense,2025.06.10,에덴동물병원,0,44000,3908111,
expense,2025.06.10,견생냥품24시무인펫샵점,0,5000,3903111,
expense,2025.06.10,컬리,0,114635,3788476,
expense,2025.06.11,통신료 05월 - 334658,0,13800,3774676,
expense,2025.06.11,통신료 05월 - 204658,0,63000,3711676,
expense,2025.06.12,쿠팡,0,880000,2831676,
expense,2025.06.13,쿠팡,0,10900,2820776,
expense,2025.06.13,다이소,0,11000,2809776,
expense,2025.06.13,스시1290,0,19510,2790266,
expense,2025.06.13,바나프레소(구청점),0,3800,2786466,
expense,2025.06.13,퍼니랜드,0,3000,2783466,
expense,2025.06.13,아이파킹 주식회사,0,2100,2781366,
expense,2025.06.14,교보문고,0,53200,2728166,
expense,2025.06.14,(주)교보문고,0,15900,2712266,
expense,2025.06.14,멘지,0,22000,2690266,
expense,2025.06.14,(주)노벨과개미,0,3500,2686766,
expense,2025.06.14,쿠팡,0,10980,2675786,
expense,2025.06.15,견생냥품24시무인펫샵점,0,30800,2644986,
expense,2025.06.15,컬리페이_컬리,0,115190,2529796,
expense,2025.06.15,쿠팡,0,39150,2490646,
expense,2025.06.15,지에스(GS)25 ,0,14900,2475746,
expense,2025.06.16,쿠팡,0,35910,2439836,
expense,2025.06.18,견생냥품24시무인펫샵점,0,21000,2418836,
expense,2025.06.18,쿠팡,0,54360,2364476,
expense,2025.06.18,지에스(GS)25 ,0,3500,2360976,
expense,2025.06.20,주식회사 아성다이소,0,3000,2357976,
expense,2025.06.20,퍼니랜드,0,3000,2354976,
expense,2025.06.20,공차 ,0,5800,2349176,
expense,2025.06.20,아이파킹 주식회사,0,2100,2347076,
expense,2025.06.20,컬리,0,89217,2257859,
expense,2025.06.20,컬리,0,-89217,2347076,
expense,2025.06.20,컬리,0,63000,2284076,
expense,2025.06.20,네이버페이 네이버,0,60000,2224076,
expense,2025.06.21,주식회사 스타필드하남,0,73500,2150576,
expense,2025.06.21,주식회사 스타필드하남,0,4500,2146076,
expense,2025.06.22,견생냥품24시무인펫샵점,0,8910,2137166,
expense,2025.06.22,지에스(GS)25 ,0,1100,2136066,
expense,2025.06.23,지에스(GS)25 ,0,900,2135166,
expense,2025.06.23,쿠팡,0,23900,2111266,
expense,2025.06.24,아파트관리비_05월,0,354070,1757196,
expense,2025.06.24,바로알림서비스 06월이용료,0,300,1756896,
expense,2025.06.24,에덴동물병원,0,35000,1721896,
expense,2025.06.25,레볼루션,0,28000,1693896,
expense,2025.06.25,고기백화점,0,17200,1676696,
expense,2025.06.25,지에스더프레시 ,0,20950,1655746,
expense,2025.06.25,쿠팡,0,47570,1608176,
expense,2025.06.25,컬리,0,49880,1558296,
expense,2025.06.26,메가스터디교육(주),0,113900,1444396,
expense,2025.06.27,미소야,0,23500,1420896,
expense,2025.06.27,청담에너지,0,50000,1370896,
expense,2025.06.27,키즈스피치예소스,0,320000,1050896,
expense,2025.06.27,공차 ,0,6500,1044396,
expense,2025.06.28,고벤트 주식회사,0,30000,1014396,
expense,2025.06.28,멘지,0,22000,992396,
expense,2025.06.28,던킨도너츠컨벤션센터점,0,4500,987896,
expense,2025.06.28,시청,0,8500,979396,
expense,2025.06.28,컬리,0,114386,865010,
expense,2025.06.29,쿠팡(와우 멤버십),0,7890,857120,
expense,2025.06.29,견생냥품24시무인펫샵점,0,6300,850820,
expense,2025.06.30,하이파킹(주),0,2000,848820,
expense,2025.06.30,쿠팡이츠,0,60988,787832,
expense,2025.06.30,쿠팡,0,4000,783832,
income,2025.07.01,월급,3000000,0,3783832,
expense,2025.07.01,푸른약국,0,18000,3765832,
expense,2025.07.01,지에스더프레시 ,0,27340,3738492,
expense,2025.07.01,쿠팡,0,128980,3609512,
expense,2025.07.02,(주)비브로스,0,1100,3608412,
expense,2025.07.02,에덴동물병원,0,50000,3558412,
expense,2025.07.02,지에스(GS)25 ,0,6000,3552412,
expense,2025.07.04,공차 ,0,6900,3545512,
expense,2025.07.04,지에스더프레시 ,0,18860,3526652,
expense,2025.07.05,컬리,0,124103,3402549,
expense,2025.07.06,다이소,0,11200,3391349,
expense,2025.07.06,구글페이먼트코리아 유한회사,0,14900,3376449,
expense,2025.07.06,쿠팡,0,59200,3317249,
expense,2025.07.07,연세로이소아청소년과의원,0,5500,3311749,
expense,2025.07.07,푸른약국,0,3900,3307849,
expense,2025.07.07,지에스(GS)25 ,0,1100,3306749,
expense,2025.07.09,컬리페이_컬리,0,78698,3228051,
expense,2025.07.10,연세로이소아청소년과의원,0,3900,3224151,
expense,2025.07.10,푸른약국,0,3900,3220251,
expense,2025.07.10,메가엠지씨커피 ,0,7300,3212951,
expense,2025.07.10,주식회사 아성다이소,0,14500,3198451,
expense,2025.07.10,지에스더프레시 ,0,9900,3188551,
expense,2025.07.10,쿠팡,0,6190,3182361,
expense,2025.07.11,통신료 06월 - 334658,0,13800,3168561,
expense,2025.07.11,통신료 06월 - 204658,0,52630,3115931,
expense,2025.07.13,카페타임,0,7000,3108931,
expense,2025.07.13,지에스(GS)25 ,0,9900,3099031,
expense,2025.07.13,컬리페이_컬리,0,91555,3007476,
expense,2025.07.14,주식회사 트립일레븐,0,490000,2517476,
expense,2025.07.14,쿠팡,0,18040,2499436,
expense,2025.07.15,(주)타이드스퀘어투어비스,0,78000,2421436,
expense,2025.07.15,컬리,0,160967,2260469,
expense,2025.07.16,푸른약국,0,4000,2256469,
expense,2025.07.16,주식회사 아성다이소,0,20500,2235969,
expense,2025.07.17,댕욕탕,0,60000,2175969,
expense,2025.07.17,쿠팡,0,32420,2143549,
expense,2025.07.18,(주)케이에프씨코리아KFC,0,11800,2131749,
expense,2025.07.18,공차 ,0,5100,2126649,
expense,2025.07.18,인계동주유소,0,50000,2076649,
expense,2025.07.19,견생냥품24시무인펫샵점,0,25120,2051529,
expense,2025.07.19,주식회사 아성다이소,0,8000,2043529,
expense,2025.07.19,지에스더프레시 ,0,17550,2025979,
expense,2025.07.19,주식회사 카카오,0,19900,2006079,
expense,2025.07.20,주식회사 스타필드,0,8200,1997879,
expense,2025.07.20,주식회사 스타필드,0,26800,1971079,
expense,2025.07.20,(주) 영풍문고,0,45700,1925379,
expense,2025.07.20,(주) 영풍문고,0,11000,1914379,
expense,2025.07.20,주식회사 스타필드,0,8900,1905479,
expense,2025.07.20,주식회사 스타필드,0,11000,1894479,
expense,2025.07.20,쿠팡,0,31890,1862589,
expense,2025.07.20,컬리,0,55100,1807489,
expense,2025.07.22,메가엠지씨커피 ,0,7300,1800189,
expense,2025.07.22,주식회사 카카오,0,34000,1766189,
expense,2025.07.23,주식회사 카카오,0,25100,1741089,
expense,2025.07.23,컬리페이_컬리,0,141830,1599259,
expense,2025.07.23,쿠팡,0,13900,1585359,
expense,2025.07.24,주식회사 아성다이소,0,23500,1561859,
expense,2025.07.24,지에스더프레시 ,0,28050,1533809,
expense,2025.07.25,아파트관리비_06월,0,248330,1285479,
expense,2025.07.25,바로알림서비스 07월이용료,0,300,1285179,
expense,2025.07.25,케이(K)브런치 레아,0,10800,1274379,
expense,2025.07.25,공차 ,0,5800,1268579,
expense,2025.07.25,쿠팡,0,54970,1213609,
expense,2025.07.26,메가스터디교육(주),0,113900,1099709,
expense,2025.07.26,지에스더프레시 ,0,33460,1066249,
expense,2025.07.27,씨유(CU),0,2200,1064049,
expense,2025.07.27,주식회사 아주대뮤즈,0,35500,1028549,
expense,2025.07.27,견생냥품24시무인펫샵점,0,29160,999389,
expense,2025.07.27,쿠팡,0,3690,995699,
expense,2025.07.27,쿠팡,0,5600,990099,
expense,2025.07.27,쿠팡,0,51680,938419,
expense,2025.07.28,지에스(GS)25 ,0,13050,925369,
expense,2025.07.29,쿠팡(와우 멤버십),0,7890,917479,
expense,2025.07.29,(주)소노인터내셔널,0,13000,904479,
expense,2025.07.29,네이버페이 네이버,0,164000,740479,
expense,2025.07.30,(주)소노스퀘어,0,7800,732679,
expense,2025.07.30,(주)소노인터내셔널,0,24000,708679,
expense,2025.07.30,(주)소노인터내셔널,0,59900,648779,
expense,2025.07.30,(주)소노인터내셔널,0,10000,638779,
expense,2025.07.30,(주)소노인터내셔널,0,16000,622779,
expense,2025.07.30,쿠팡이츠,0,24600,598179,
expense,2025.07.30,컬리페이_컬리,0,190857,407322,
expense,2025.07.31,쿠팡,0,13700,393622,
expense,2025.07.31,롯데시네마 온라인 티켓,0,30000,363622,
expense,2025.07.31,쿠팡,0,47480,316142,
expense,2025.07.31,카카오페이,0,15000,301142,
expense,2025.07.31,지에스(GS)25 뷰점,0,2900,298242,
income,2025.08.01,월급,4000000,0,4298242,
expense,2025.08.01,롯데시네마 티켓 외,0,12900,4285342,
expense,2025.08.01,롯데시네마 티켓 외,0,3000,4282342,
expense,2025.08.01,롯데몰 금파돈까스,0,45000,4237342,
expense,2025.08.01,쿠팡,0,20050,4217292,
expense,2025.08.02,(주)비브로스,0,1100,4216192,
expense,2025.08.02,지에스(GS)25 ,0,6000,4210192,
expense,2025.08.02,쿠팡,0,17460,4192732,
expense,2025.08.02,컬리,0,106470,4086262,
expense,2025.08.02,쿠팡,0,16830,4069432,
expense,2025.08.03,써브웨이,0,147000,3922432,
expense,2025.08.03,주식회사 아성다이소,0,25000,3897432,
expense,2025.08.05,주식회사 스타필드,0,48000,3849432,
expense,2025.08.05,주식회사 스타필드,0,26800,3822632,
expense,2025.08.05,컬리페이_컬리,0,147675,3674957,
expense,2025.08.06,지에스(GS)25 ,0,9200,3665757,
expense,2025.08.06,쿠팡이츠,0,42900,3622857,
expense,2025.08.06,구글페이먼트코리아 유한회사,0,14900,3607957,
expense,2025.08.06,씨제이올리브영(주)점,0,6600,3601357,
expense,2025.08.06,주식회사 아성다이소,0,13500,3587857,
expense,2025.08.06,메가엠지씨커피 ,0,4400,3583457,
expense,2025.08.07,쿠팡,0,52390,3531067,
expense,2025.08.08,네이버페이 네이버,0,214000,3317067,
expense,2025.08.08,스타벅스코리아,0,6100,3310967,
expense,2025.08.08,케이(K)브런치 레아,0,18300,3292667,
expense,2025.08.09,이디야(홍대청기와점),0,14800,3277867,
expense,2025.08.10,쿠팡,0,64290,3213577,
expense,2025.08.10,마켓컬리,0,219888,2993689,
expense,2025.08.11,통신료 07월 - 204658,0,45730,2947959,
expense,2025.08.11,통신료 07월 - 334658,0,13800,2934159,
expense,2025.08.12,청담에너지,0,50000,2884159,
expense,2025.08.12,아이러브퍼피카페,0,32000,2852159,
expense,2025.08.12,아이러브퍼피카페,0,7500,2844659,
expense,2025.08.12,쿠팡,0,5730,2838929,
expense,2025.08.12,신성통상㈜,0,49500,2789429,
expense,2025.08.12,견생냥품24시무인펫샵점,0,13990,2775439,
expense,2025.08.13,주식회사 카카오,0,29900,2745539,
expense,2025.08.14,쿠팡,0,49450,2696089,
expense,2025.08.15,컬리페이_컬리,0,195792,2500297,
expense,2025.08.16,지에스더프레시 ,0,24320,2475977,
expense,2025.08.16,한국닌텐도 주식회사,0,19900,2456077,
expense,2025.08.16,컬리페이_컬리,0,37500,2418577,
expense,2025.08.17,다이소,0,6000,2412577,
expense,2025.08.18,지에스(GS)25 ,0,3200,2409377,
expense,2025.08.18,댕욕탕,0,15000,2394377,
expense,2025.08.19,무인양품(주)스타필드점,0,21600,2372777,
expense,2025.08.19,주식회사 스타필드,0,29900,2342877,
expense,2025.08.19,(주) 영풍문고,0,23500,2319377,
expense,2025.08.19,참약사스타약국,0,12000,2307377,
expense,2025.08.19,주식회사 아성다이소,0,4000,2303377,
expense,2025.08.19,주식회사 아성다이소,0,5000,2298377,
expense,2025.08.20,주식회사 아성다이소,0,3000,2295377,
expense,2025.08.20,주식회사 카카오,0,27900,2267477,
expense,2025.08.20,메가엠지씨커피 ,0,700,2266777,
expense,2025.08.20,쿠팡,0,58560,2208217,
expense,2025.08.21,트레이더스홀세일클럽스타필드,0,135700,2072517,
expense,2025.08.22,카사밀라 파크24,0,10600,2061917,
expense,2025.08.22,스타벅스코리아,0,6100,2055817,
expense,2025.08.22,키즈스피치예소스,0,320000,1735817,
expense,2025.08.22,케이(K)브런치 레아,0,12300,1723517,
expense,2025.08.22,하나로주차관리,0,500,1723017,
expense,2025.08.23,토이저러스,0,16900,1706117,
expense,2025.08.23,주식회사 아성다이소,0,4200,1701917,
expense,2025.08.23,메콩타이 주식회사,0,37300,1664617,
expense,2025.08.23,견생냥품24시무인펫샵점,0,9010,1655607,
expense,2025.08.24,쿠팡이츠,0,36900,1618707,
expense,2025.08.24,컬리페이_컬리,0,122000,1496707,
expense,2025.08.24,쿠팡,0,26020,1470687,
expense,2025.08.25,바로알림서비스 08월이용료,0,300,1470387,
expense,2025.08.25,쿠팡,0,19370,1451017,
expense,2025.08.26,아파트관리비_07월,0,298030,1152987,
expense,2025.08.26,메가스터디교육(주),0,113900,1039087,
expense,2025.08.27,크린토피아,0,3720,1035367,
expense,2025.08.27,지에스더프레시 ,0,32380,1002987,
expense,2025.08.27,쿠팡,0,137560,865427,
expense,2025.08.28,이케아코리아 유한회사 기흥지점,0,4900,860527,
expense,2025.08.28,이케아기흥점 (레스토랑),0,18300,842227,
expense,2025.08.28,이케아기흥점(비스트로고객),0,26800,815427,
expense,2025.08.28,쿠팡,0,224850,590577,
expense,2025.08.29,쿠팡(와우 멤버십),0,7890,582687,
expense,2025.08.29,카사밀라 파크24,0,9350,573337,
expense,2025.08.29,케이(K)브런치 레아,0,12300,561037,
expense,2025.08.29,하나로주차관리,0,13000,548037,
expense,2025.08.29,고봉민김밥,0,7600,540437,
expense,2025.08.30,쿠팡,0,96620,443817,
expense,2025.08.30,뚜레쥬르 솔밭사거리점,0,28000,415817,
expense,2025.08.31,컬리,0,183546,232271,
expense,2025.08.31,고봉민김밥,0,12400,219871,
income,2025.09.01,월급,4000000,0,4219871,
expense,2025.09.01,지에스(GS)25 ,0,9800,4210071,
expense,2025.09.01,쿠팡,0,40610,4169461,
expense,2025.09.02,(주)비브로스,0,1100,4168361,
expense,2025.09.03,삼천리도시가스,0,13890,4154471,
expense,2025.09.03,크린토피아,0,3720,4150751,
expense,2025.09.03,주식회사 카카오,0,27540,4123211,
expense,2025.09.03,씨유(CU) 아주대성호관점,0,1900,4121311,
expense,2025.09.03,쿠팡,0,42050,4079261,
expense,2025.09.04,컬리,0,139399,3939862,
expense,2025.09.05,청담에너지,0,50000,3889862,
expense,2025.09.05,지에스(GS)25,0,2800,3887062,
expense,2025.09.05,케이(K)브런치 레아,0,12300,3874762,
expense,2025.09.05,하나로주차관리,0,500,3874262,
expense,2025.09.06,구글페이먼트코리아 유한회사,0,14900,3859362,
expense,2025.09.06,(주) 영풍문고,0,15800,3843562,
expense,2025.09.06,쿠팡,0,49800,3793762,
expense,2025.09.06,주식회사 스타필드,0,70000,3723762,
expense,2025.09.06,주식회사 아성다이소,0,7000,3716762,
expense,2025.09.07,메가엠지씨커피,0,10600,3706162,
expense,2025.09.08,네이버페이 네이버,0,5500,3700662,
expense,2025.09.08,컬리페이_컬리,0,111791,3588871,
expense,2025.09.09,컬리페이_컬리,0,108238,3480633,
expense,2025.09.10,(주)교보문고,0,26500,3454133,
expense,2025.09.10,마라공방,0,12800,3441333,
expense,2025.09.10,마라공방,0,7000,3434333,
expense,2025.09.11,통신료 08월 - 334658,0,6890,3427443,
expense,2025.09.11,통신료 08월 - 204658,0,22860,3404583,
expense,2025.09.12,쿠팡이츠,0,20800,3383783,
expense,2025.09.12,쿠팡,0,32340,3351443,
expense,2025.09.13,(주) 영풍문고,0,19800,3331643,
expense,2025.09.13,(주) 영풍문고,0,28000,3303643,
expense,2025.09.13,주식회사 스타필드,0,2500,3301143,
expense,2025.09.13,주식회사 스타필드,0,2500,3298643,
expense,2025.09.14,다이소,0,5200,3293443,
expense,2025.09.14,견생냥품24시무인펫샵점,0,10800,3282643,
expense,2025.09.14,지에스(GS)25 ,0,13200,3269443,
expense,2025.09.14,컬리,0,133761,3135682,
expense,2025.09.15,주식회사 카카오,0,16900,3118782,
expense,2025.09.15,쿠팡이츠,0,19000,3099782,
expense,2025.09.15,쿠팡이츠,0,19000,3080782,
expense,2025.09.16,쿠팡,0,37700,3043082,
expense,2025.09.17,견생냥품24시무인펫샵점,0,25020,3018062,
expense,2025.09.17,지에스(GS)25 ,0,15800,3002262,
expense,2025.09.19,컬리,0,130000,2872262,
expense,2025.09.19,키즈스피치예소스,0,320000,2552262,
expense,2025.09.19,마라공방,0,21300,2530962,
expense,2025.09.21,쿠팡,0,33500,2497462,
expense,2025.09.21,컬리,0,51000,2446462,
expense,2025.09.23,하이파킹(주),0,3500,2442962,
expense,2025.09.24,바로알림서비스 09월이용료,0,300,2442662,
expense,2025.09.24,아파트관리비_08월,0,307310,2135352,
expense,2025.09.24,쿠팡,0,75720,2059632,
expense,2025.09.25,컬리,0,145439,1914193,
expense,2025.09.25,지에스(GS)25 ,0,17500,1896693,
expense,2025.09.26,메가스터디교육(주),0,113900,1782793,
expense,2025.09.26,주식회사 아성다이소,0,20200,1762593,
expense,2025.09.26,미스터빠삭,0,21000,1741593,
expense,2025.09.26,하나로주차관리,0,500,1741093,
expense,2025.09.27,고봉민김밥,0,9600,1731493,
expense,2025.09.27,고봉민김밥,0,96000,1635493,
expense,2025.09.27,쿠팡,0,20700,1614793,
expense,2025.09.27,댕욕탕,0,55000,1559793,
expense,2025.09.27,주식회사 아성다이소,0,31500,1528293,
expense,2025.09.28,청담에너지,0,50000,1478293,
expense,2025.09.28,쿠팡,0,57820,1420473,
expense,2025.09.28,컬리,0,129013,1291460,
expense,2025.09.29,(주)소노인터내셔널,0,424000,867460,
expense,2025.09.29,쿠팡(와우멤버십),0,7890,859570,
expense,2025.09.30,하이파킹(주),0,3000,856570,
income,2025.10.01,월급,3000000,0,3856570,
expense,2025.10.01,쿠팡,0,23850,3832720,
expense,2025.10.02,(주)비브로스,0,1100,3831620,
expense,2025.10.02,선물하기_카카오페,0,39000,3792620,
expense,2025.10.03,고봉민김밥,0,24000,3768620,
expense,2025.10.03,롯데쇼핑(주)롯데마트 ,0,20890,3747730,
expense,2025.10.03,롯데쇼핑(주)타임 파스퇴르밀크바(특),0,4500,3743230,
expense,2025.10.03,롯데쇼핑(주)롯데마트 ,0,131260,3611970,
expense,2025.10.04,컬리,0,92460,3519510,
expense,2025.10.05,메가엠지씨커피 ,0,3400,3516110,
expense,2025.10.06,구글페이먼트코리아 유한회사,0,14900,3501210,
expense,2025.10.06,쿠팡,0,21300,3479910,
expense,2025.10.06,(주)소노스퀘어,0,10900,3469010,
expense,2025.10.06,트래블마켓,0,40000,3429010,
expense,2025.10.06,헤어슈슈,0,12000,3417010,
expense,2025.10.06,교보문고,0,11300,3405710,
expense,2025.10.07,(주)소노스퀘어,0,6700,3399010,
expense,2025.10.07,쿠팡,0,25000,3374010,
expense,2025.10.07,컬리,0,88790,3285220,
expense,2025.10.09,갈비명가궁,0,254700,3030520,
expense,2025.10.09,쿠팡,0,26440,3004080,
expense,2025.10.10,아이사랑치과의원,0,7300,2996780,
expense,2025.10.10,카사밀라 파크24,0,3100,2993680,
expense,2025.10.10,주식회사 아성다이소,0,7000,2986680,
expense,2025.10.10,지에스(GS)25,0,3100,2983580,
expense,2025.10.11,백나예김밥,0,14500,2969080,
expense,2025.10.12,컬리페이_컬리,0,199000,2770080,
expense,2025.10.13,통신료 09월 - 334658,0,13800,2756280,
expense,2025.10.13,통신료 09월 - 204658,0,45730,2710550,
expense,2025.10.13,쿠팡,0,64000,2646550,
expense,2025.10.13,주식회사 아성다이소,0,20500,2626050,
expense,2025.10.13,지에스더프레시 ,0,21340,2604710,
expense,2025.10.14,버거킹,0,20000,2584710,
expense,2025.10.14,버거킹,0,5000,2579710,
expense,2025.10.14,카사밀라 파크24,0,14350,2565360,
expense,2025.10.16,쿠팡,0,25810,2539550,
expense,2025.10.17,컬리,0,164077,2375473,
expense,2025.10.17,지에스(GS)25,0,2200,2373273,
expense,2025.10.18,이디야,0,4500,2368773,
expense,2025.10.18,씨유(CU),0,4500,2364273,
expense,2025.10.18,스시1290,0,23660,2340613,
expense,2025.10.18,컬리페이_컬리,0,9000,2331613,
expense,2025.10.20,유니클로 온라인 스토어,0,77700,2253913,
expense,2025.10.20,쿠팡,0,60690,2193223,
expense,2025.10.21,씨제이올리브영(주)점,0,10900,2182323,
expense,2025.10.22,컬리페이_컬리,0,153611,2028712,
expense,2025.10.23,쿠팡,0,10670,2018042,
expense,2025.10.24,주식회사 아성다이소,0,4000,2014042,
expense,2025.10.24,홈플러스(주),0,45320,1968722,
expense,2025.10.24,키즈스피치예소스,0,320000,1648722,
expense,2025.10.24,지에스(GS)25,0,5200,1643522,
expense,2025.10.25,주식회사 민지콩,0,137000,1506522,
expense,2025.10.25,주식회사 아성다이소,0,7000,1499522,
expense,2025.10.25,스파크럽 백두산사우나,0,11000,1488522,
expense,2025.10.25,견생냥품24시무인펫샵점,0,25020,1463502,
expense,2025.10.26,메가스터디교육(주),0,113900,1349602,
expense,2025.10.26,주식회사 스타필드,0,4500,1345102,
expense,2025.10.26,주식회사 스타필드,0,12200,1332902,
expense,2025.10.26,(주) 영풍문고,0,42800,1290102,
expense,2025.10.26,(주) 영풍문고,0,12000,1278102,
expense,2025.10.26,주식회사 스타필드,0,59800,1218302,
expense,2025.10.26,주식회사 스타필드,0,14000,1204302,
expense,2025.10.26,컬리페이_컬리,0,45550,1158752,
expense,2025.10.27,아파트관리비_09월,0,219660,939092,
expense,2025.10.27,바로알림서비스 10월이용료,0,300,938792,
expense,2025.10.27,무신사,0,40420,898372,
expense,2025.10.28,하이파킹(주),0,2500,895872,
expense,2025.10.28,에이치디현대오일뱅크(주)직영제일주유소,0,50000,845872,
expense,2025.10.29,쿠팡,0,117000,728872,
expense,2025.10.29,쿠팡(와우 멤버십),0,7890,720982,
expense,2025.10.30,컬리페이_컬리,0,206527,514455,
expense,2025.10.31,지에스(GS)25 ,0,10400,504055,
expense,2025.10.31,지에스(GS)25,0,700,503355,
expense,2025.10.31,지에스(GS)25,0,1800,501555,
income,2025.11.01,월급,3000000,0,3501555,
expense,2025.11.01,컬리페이_컬리,0,46870,3454685,
expense,2025.11.02,(주)비브로스,0,1100,3453585,
expense,2025.11.03,신성통상㈜,0,47915,3405670,
expense,2025.11.04,에덴동물병원,0,30000,3375670,
expense,2025.11.05,컬리,0,155010,3220660,
expense,2025.11.06,쿠팡,0,65260,3155400,
expense,2025.11.06,구글페이먼트코리아 유한회사,0,14900,3140500,
expense,2025.11.06,쿠팡이츠,0,50925,3089575,
expense,2025.11.06,쿠팡,0,12130,3077445,
expense,2025.11.07,주식회사 아성다이소,0,1000,3076445,
expense,2025.11.07,홈플러스(주),0,16160,3060285,
expense,2025.11.07,지에스(GS)25,0,6900,3053385,
expense,2025.11.08,지에스더프레시 ,0,20760,3032625,
expense,2025.11.08,쿠팡,0,57250,2975375,
expense,2025.11.09,컬리,0,200360,2775015,
expense,2025.11.09,쿠팡,0,53360,2721655,
expense,2025.11.10,파리바게뜨 ,0,29500,2692155,
expense,2025.11.11,통신료 10월 - 334658,0,13800,2678355,
expense,2025.11.11,통신료 10월 - 204658,0,45730,2632625,
expense,2025.11.13,Amazon_AWS,0,100,2632525,
expense,2025.11.13,Amazon_AWS,0,-100,2632625,
expense,2025.11.14,컬리,0,200841,2431784,
expense,2025.11.14,올리브영 수지타운,0,21800,2409984,
expense,2025.11.14,주식회사 아성다이소,0,1000,2408984,
expense,2025.11.14,지에스(GS)25,0,1800,2407184,
expense,2025.11.15,댕욕탕,0,40000,2367184,
expense,2025.11.16,아주홈마트,0,5500,2361684,
expense,2025.11.17,쿠팡,0,78300,2283384,
expense,2025.11.18,주식회사 아성다이소,0,16000,2267384,
expense,2025.11.18,지에스(GS)25 ,0,3200,2264184,
expense,2025.11.18,컬리,0,100000,2164184,
expense,2025.11.20,지에스(GS)25 ,0,8500,2155684,
expense,2025.11.21,컬리페이_컬리,0,201788,1953896,
expense,2025.11.21,네이버페이 네이버,0,39500,1914396,
expense,2025.11.21,네이버페이 네이버,0,48250,1866146,
expense,2025.11.22,에덴동물병원,0,18000,1848146,
expense,2025.11.23,스파크럽 백두산사우나,0,11000,1837146,
expense,2025.11.23,쿠팡,0,37120,1800026,
expense,2025.11.24,바로알림서비스 11월이용료,0,300,1799726,
expense,2025.11.24,쿠팡,0,44110,1755616,
expense,2025.11.25,아파트관리비_10월,0,210540,1545076,
expense,2025.11.26,메가스터디교육(주),0,113900,1431176,
expense,2025.11.26,컬리페이_컬리,0,223660,1207516,
expense,2025.11.27,케이티,0,80000,1127516,
expense,2025.11.27,쿠팡,0,26000,1101516,
expense,2025.11.27,(주)지비와이,0,24800,1076716,
expense,2025.11.28,주식회사 아성다이소,0,13700,1063016,
expense,2025.11.28,지에스(GS)25,0,1700,1061316,
expense,2025.11.28,키즈스피치예소스,0,320000,741316,
expense,2025.11.28,지에스(GS)25,0,700,740616,
expense,2025.11.29,쿠팡(와우 멤버십),0,7890,732726,
expense,2025.11.29,쿠팡(와우 멤버십),0,-7890,740616,
expense,2025.11.29,카카오페이,0,7500,733116,
expense,2025.11.29,아이사랑치과의원,0,153200,579916,
expense,2025.11.29,카사밀라 파크24,0,5600,574316,
expense,2025.11.29,지에스(GS)25 ,0,9000,565316,
expense,2025.11.29,쿠팡이츠,0,32000,533316,
expense,2025.11.29,고봉민김밥,0,96000,437316,
expense,2025.11.29,쿠팡,0,20880,416436,
expense,2025.11.30,컬리페이_컬리,0,123220,293216,
